ISO-10303-21;
HEADER;
FILE_DESCRIPTION(('Open CASCADE Model'),'2;1');
FILE_NAME('Open CASCADE Shape Model','2026-07-31T09:43:44',('Author'),(
    'Open CASCADE'),'Open CASCADE STEP processor 7.9','Open CASCADE 7.9'
  ,'Unknown');
FILE_SCHEMA(('AUTOMOTIVE_DESIGN { 1 0 10303 214 1 1 1 1 }'));
ENDSEC;
DATA;
#1 = APPLICATION_PROTOCOL_DEFINITION('international standard',
  'automotive_design',2000,#2);
#2 = APPLICATION_CONTEXT(
  'core data for automotive mechanical design processes');
#3 = SHAPE_DEFINITION_REPRESENTATION(#4,#10);
#4 = PRODUCT_DEFINITION_SHAPE('','',#5);
#5 = PRODUCT_DEFINITION('design','',#6,#9);
#6 = PRODUCT_DEFINITION_FORMATION('','',#7);
#7 = PRODUCT('probe_small','probe_small','',(#8));
#8 = PRODUCT_CONTEXT('',#2,'mechanical');
#9 = PRODUCT_DEFINITION_CONTEXT('part definition',#2,'design');
#10 = SHAPE_REPRESENTATION('',(#11,#15,#19,#23,#27,#31,#35,#39,#43,#47,
    #51,#55,#59,#63,#67,#71,#75),#79);
#11 = AXIS2_PLACEMENT_3D('',#12,#13,#14);
#12 = CARTESIAN_POINT('',(0.,0.,0.));
#13 = DIRECTION('',(0.,0.,1.));
#14 = DIRECTION('',(1.,0.,-0.));
#15 = AXIS2_PLACEMENT_3D('',#16,#17,#18);
#16 = CARTESIAN_POINT('',(0.,0.,0.));
#17 = DIRECTION('',(0.,0.,1.));
#18 = DIRECTION('',(1.,0.,-0.));
#19 = AXIS2_PLACEMENT_3D('',#20,#21,#22);
#20 = CARTESIAN_POINT('',(0.,0.,0.));
#21 = DIRECTION('',(0.,0.,1.));
#22 = DIRECTION('',(1.,0.,-0.));
#23 = AXIS2_PLACEMENT_3D('',#24,#25,#26);
#24 = CARTESIAN_POINT('',(0.,0.,0.));
#25 = DIRECTION('',(0.,0.,1.));
#26 = DIRECTION('',(1.,0.,-0.));
#27 = AXIS2_PLACEMENT_3D('',#28,#29,#30);
#28 = CARTESIAN_POINT('',(0.,0.,0.));
#29 = DIRECTION('',(0.,0.,1.));
#30 = DIRECTION('',(1.,0.,-0.));
#31 = AXIS2_PLACEMENT_3D('',#32,#33,#34);
#32 = CARTESIAN_POINT('',(0.,0.,0.));
#33 = DIRECTION('',(0.,0.,1.));
#34 = DIRECTION('',(1.,0.,-0.));
#35 = AXIS2_PLACEMENT_3D('',#36,#37,#38);
#36 = CARTESIAN_POINT('',(0.,0.,0.));
#37 = DIRECTION('',(0.,0.,1.));
#38 = DIRECTION('',(1.,0.,-0.));
#39 = AXIS2_PLACEMENT_3D('',#40,#41,#42);
#40 = CARTESIAN_POINT('',(0.,0.,0.));
#41 = DIRECTION('',(0.,0.,1.));
#42 = DIRECTION('',(1.,0.,-0.));
#43 = AXIS2_PLACEMENT_3D('',#44,#45,#46);
#44 = CARTESIAN_POINT('',(0.,0.,0.));
#45 = DIRECTION('',(0.,0.,1.));
#46 = DIRECTION('',(1.,0.,-0.));
#47 = AXIS2_PLACEMENT_3D('',#48,#49,#50);
#48 = CARTESIAN_POINT('',(0.,0.,0.));
#49 = DIRECTION('',(0.,0.,1.));
#50 = DIRECTION('',(1.,0.,-0.));
#51 = AXIS2_PLACEMENT_3D('',#52,#53,#54);
#52 = CARTESIAN_POINT('',(0.,0.,0.));
#53 = DIRECTION('',(0.,0.,1.));
#54 = DIRECTION('',(1.,0.,-0.));
#55 = AXIS2_PLACEMENT_3D('',#56,#57,#58);
#56 = CARTESIAN_POINT('',(0.,0.,0.));
#57 = DIRECTION('',(0.,0.,1.));
#58 = DIRECTION('',(1.,0.,-0.));
#59 = AXIS2_PLACEMENT_3D('',#60,#61,#62);
#60 = CARTESIAN_POINT('',(0.,0.,0.));
#61 = DIRECTION('',(0.,0.,1.));
#62 = DIRECTION('',(1.,0.,-0.));
#63 = AXIS2_PLACEMENT_3D('',#64,#65,#66);
#64 = CARTESIAN_POINT('',(0.,0.,0.));
#65 = DIRECTION('',(0.,0.,1.));
#66 = DIRECTION('',(1.,0.,-0.));
#67 = AXIS2_PLACEMENT_3D('',#68,#69,#70);
#68 = CARTESIAN_POINT('',(0.,0.,0.));
#69 = DIRECTION('',(0.,0.,1.));
#70 = DIRECTION('',(1.,0.,-0.));
#71 = AXIS2_PLACEMENT_3D('',#72,#73,#74);
#72 = CARTESIAN_POINT('',(0.,0.,0.));
#73 = DIRECTION('',(0.,0.,1.));
#74 = DIRECTION('',(1.,0.,-0.));
#75 = AXIS2_PLACEMENT_3D('',#76,#77,#78);
#76 = CARTESIAN_POINT('',(0.,0.,0.));
#77 = DIRECTION('',(0.,0.,1.));
#78 = DIRECTION('',(1.,0.,-0.));
#79 = ( GEOMETRIC_REPRESENTATION_CONTEXT(3) 
GLOBAL_UNCERTAINTY_ASSIGNED_CONTEXT((#83)) GLOBAL_UNIT_ASSIGNED_CONTEXT(
(#80,#81,#82)) REPRESENTATION_CONTEXT('Context #1',
  '3D Context with UNIT and UNCERTAINTY') );
#80 = ( LENGTH_UNIT() NAMED_UNIT(*) SI_UNIT(.MILLI.,.METRE.) );
#81 = ( NAMED_UNIT(*) PLANE_ANGLE_UNIT() SI_UNIT($,.RADIAN.) );
#82 = ( NAMED_UNIT(*) SI_UNIT($,.STERADIAN.) SOLID_ANGLE_UNIT() );
#83 = UNCERTAINTY_MEASURE_WITH_UNIT(LENGTH_MEASURE(1.E-07),#80,
  'distance_accuracy_value','confusion accuracy');
#84 = PRODUCT_RELATED_PRODUCT_CATEGORY('part',$,(#7));
#85 = SHAPE_DEFINITION_REPRESENTATION(#86,#92);
#86 = PRODUCT_DEFINITION_SHAPE('','',#87);
#87 = PRODUCT_DEFINITION('design','',#88,#91);
#88 = PRODUCT_DEFINITION_FORMATION('','',#89);
#89 = PRODUCT('fluid_air_up','fluid_air_up','',(#90));
#90 = PRODUCT_CONTEXT('',#2,'mechanical');
#91 = PRODUCT_DEFINITION_CONTEXT('part definition',#2,'design');
#92 = ADVANCED_BREP_SHAPE_REPRESENTATION('',(#11,#93),#243);
#93 = MANIFOLD_SOLID_BREP('',#94);
#94 = CLOSED_SHELL('',(#95,#135,#175,#197,#219,#231));
#95 = ADVANCED_FACE('',(#96),#130,.F.);
#96 = FACE_BOUND('',#97,.F.);
#97 = EDGE_LOOP('',(#98,#108,#116,#124));
#98 = ORIENTED_EDGE('',*,*,#99,.F.);
#99 = EDGE_CURVE('',#100,#102,#104,.T.);
#100 = VERTEX_POINT('',#101);
#101 = CARTESIAN_POINT('',(-40.,0.,10.));
#102 = VERTEX_POINT('',#103);
#103 = CARTESIAN_POINT('',(-40.,0.,90.));
#104 = LINE('',#105,#106);
#105 = CARTESIAN_POINT('',(-40.,0.,10.));
#106 = VECTOR('',#107,1.);
#107 = DIRECTION('',(0.,0.,1.));
#108 = ORIENTED_EDGE('',*,*,#109,.T.);
#109 = EDGE_CURVE('',#100,#110,#112,.T.);
#110 = VERTEX_POINT('',#111);
#111 = CARTESIAN_POINT('',(-40.,76.2,10.));
#112 = LINE('',#113,#114);
#113 = CARTESIAN_POINT('',(-40.,0.,10.));
#114 = VECTOR('',#115,1.);
#115 = DIRECTION('',(-0.,1.,0.));
#116 = ORIENTED_EDGE('',*,*,#117,.T.);
#117 = EDGE_CURVE('',#110,#118,#120,.T.);
#118 = VERTEX_POINT('',#119);
#119 = CARTESIAN_POINT('',(-40.,76.2,90.));
#120 = LINE('',#121,#122);
#121 = CARTESIAN_POINT('',(-40.,76.2,10.));
#122 = VECTOR('',#123,1.);
#123 = DIRECTION('',(0.,0.,1.));
#124 = ORIENTED_EDGE('',*,*,#125,.F.);
#125 = EDGE_CURVE('',#102,#118,#126,.T.);
#126 = LINE('',#127,#128);
#127 = CARTESIAN_POINT('',(-40.,0.,90.));
#128 = VECTOR('',#129,1.);
#129 = DIRECTION('',(-0.,1.,0.));
#130 = PLANE('',#131);
#131 = AXIS2_PLACEMENT_3D('',#132,#133,#134);
#132 = CARTESIAN_POINT('',(-40.,0.,10.));
#133 = DIRECTION('',(1.,0.,-0.));
#134 = DIRECTION('',(0.,0.,1.));
#135 = ADVANCED_FACE('',(#136),#170,.T.);
#136 = FACE_BOUND('',#137,.T.);
#137 = EDGE_LOOP('',(#138,#148,#156,#164));
#138 = ORIENTED_EDGE('',*,*,#139,.F.);
#139 = EDGE_CURVE('',#140,#142,#144,.T.);
#140 = VERTEX_POINT('',#141);
#141 = CARTESIAN_POINT('',(0.,0.,10.));
#142 = VERTEX_POINT('',#143);
#143 = CARTESIAN_POINT('',(0.,0.,90.));
#144 = LINE('',#145,#146);
#145 = CARTESIAN_POINT('',(0.,0.,10.));
#146 = VECTOR('',#147,1.);
#147 = DIRECTION('',(0.,0.,1.));
#148 = ORIENTED_EDGE('',*,*,#149,.T.);
#149 = EDGE_CURVE('',#140,#150,#152,.T.);
#150 = VERTEX_POINT('',#151);
#151 = CARTESIAN_POINT('',(0.,76.2,10.));
#152 = LINE('',#153,#154);
#153 = CARTESIAN_POINT('',(0.,0.,10.));
#154 = VECTOR('',#155,1.);
#155 = DIRECTION('',(-0.,1.,0.));
#156 = ORIENTED_EDGE('',*,*,#157,.T.);
#157 = EDGE_CURVE('',#150,#158,#160,.T.);
#158 = VERTEX_POINT('',#159);
#159 = CARTESIAN_POINT('',(0.,76.2,90.));
#160 = LINE('',#161,#162);
#161 = CARTESIAN_POINT('',(0.,76.2,10.));
#162 = VECTOR('',#163,1.);
#163 = DIRECTION('',(0.,0.,1.));
#164 = ORIENTED_EDGE('',*,*,#165,.F.);
#165 = EDGE_CURVE('',#142,#158,#166,.T.);
#166 = LINE('',#167,#168);
#167 = CARTESIAN_POINT('',(0.,0.,90.));
#168 = VECTOR('',#169,1.);
#169 = DIRECTION('',(-0.,1.,0.));
#170 = PLANE('',#171);
#171 = AXIS2_PLACEMENT_3D('',#172,#173,#174);
#172 = CARTESIAN_POINT('',(0.,0.,10.));
#173 = DIRECTION('',(1.,0.,-0.));
#174 = DIRECTION('',(0.,0.,1.));
#175 = ADVANCED_FACE('',(#176),#192,.F.);
#176 = FACE_BOUND('',#177,.F.);
#177 = EDGE_LOOP('',(#178,#184,#185,#191));
#178 = ORIENTED_EDGE('',*,*,#179,.F.);
#179 = EDGE_CURVE('',#100,#140,#180,.T.);
#180 = LINE('',#181,#182);
#181 = CARTESIAN_POINT('',(-40.,0.,10.));
#182 = VECTOR('',#183,1.);
#183 = DIRECTION('',(1.,0.,-0.));
#184 = ORIENTED_EDGE('',*,*,#99,.T.);
#185 = ORIENTED_EDGE('',*,*,#186,.T.);
#186 = EDGE_CURVE('',#102,#142,#187,.T.);
#187 = LINE('',#188,#189);
#188 = CARTESIAN_POINT('',(-40.,0.,90.));
#189 = VECTOR('',#190,1.);
#190 = DIRECTION('',(1.,0.,-0.));
#191 = ORIENTED_EDGE('',*,*,#139,.F.);
#192 = PLANE('',#193);
#193 = AXIS2_PLACEMENT_3D('',#194,#195,#196);
#194 = CARTESIAN_POINT('',(-40.,0.,10.));
#195 = DIRECTION('',(-0.,1.,0.));
#196 = DIRECTION('',(0.,0.,1.));
#197 = ADVANCED_FACE('',(#198),#214,.T.);
#198 = FACE_BOUND('',#199,.T.);
#199 = EDGE_LOOP('',(#200,#206,#207,#213));
#200 = ORIENTED_EDGE('',*,*,#201,.F.);
#201 = EDGE_CURVE('',#110,#150,#202,.T.);
#202 = LINE('',#203,#204);
#203 = CARTESIAN_POINT('',(-40.,76.2,10.));
#204 = VECTOR('',#205,1.);
#205 = DIRECTION('',(1.,0.,-0.));
#206 = ORIENTED_EDGE('',*,*,#117,.T.);
#207 = ORIENTED_EDGE('',*,*,#208,.T.);
#208 = EDGE_CURVE('',#118,#158,#209,.T.);
#209 = LINE('',#210,#211);
#210 = CARTESIAN_POINT('',(-40.,76.2,90.));
#211 = VECTOR('',#212,1.);
#212 = DIRECTION('',(1.,0.,-0.));
#213 = ORIENTED_EDGE('',*,*,#157,.F.);
#214 = PLANE('',#215);
#215 = AXIS2_PLACEMENT_3D('',#216,#217,#218);
#216 = CARTESIAN_POINT('',(-40.,76.2,10.));
#217 = DIRECTION('',(-0.,1.,0.));
#218 = DIRECTION('',(0.,0.,1.));
#219 = ADVANCED_FACE('',(#220),#226,.F.);
#220 = FACE_BOUND('',#221,.F.);
#221 = EDGE_LOOP('',(#222,#223,#224,#225));
#222 = ORIENTED_EDGE('',*,*,#109,.F.);
#223 = ORIENTED_EDGE('',*,*,#179,.T.);
#224 = ORIENTED_EDGE('',*,*,#149,.T.);
#225 = ORIENTED_EDGE('',*,*,#201,.F.);
#226 = PLANE('',#227);
#227 = AXIS2_PLACEMENT_3D('',#228,#229,#230);
#228 = CARTESIAN_POINT('',(-40.,0.,10.));
#229 = DIRECTION('',(0.,0.,1.));
#230 = DIRECTION('',(1.,0.,-0.));
#231 = ADVANCED_FACE('',(#232),#238,.T.);
#232 = FACE_BOUND('',#233,.T.);
#233 = EDGE_LOOP('',(#234,#235,#236,#237));
#234 = ORIENTED_EDGE('',*,*,#125,.F.);
#235 = ORIENTED_EDGE('',*,*,#186,.T.);
#236 = ORIENTED_EDGE('',*,*,#165,.T.);
#237 = ORIENTED_EDGE('',*,*,#208,.F.);
#238 = PLANE('',#239);
#239 = AXIS2_PLACEMENT_3D('',#240,#241,#242);
#240 = CARTESIAN_POINT('',(-40.,0.,90.));
#241 = DIRECTION('',(0.,0.,1.));
#242 = DIRECTION('',(1.,0.,-0.));
#243 = ( GEOMETRIC_REPRESENTATION_CONTEXT(3) 
GLOBAL_UNCERTAINTY_ASSIGNED_CONTEXT((#247)) GLOBAL_UNIT_ASSIGNED_CONTEXT
((#244,#245,#246)) REPRESENTATION_CONTEXT('Context #1',
  '3D Context with UNIT and UNCERTAINTY') );
#244 = ( LENGTH_UNIT() NAMED_UNIT(*) SI_UNIT(.MILLI.,.METRE.) );
#245 = ( NAMED_UNIT(*) PLANE_ANGLE_UNIT() SI_UNIT($,.RADIAN.) );
#246 = ( NAMED_UNIT(*) SI_UNIT($,.STERADIAN.) SOLID_ANGLE_UNIT() );
#247 = UNCERTAINTY_MEASURE_WITH_UNIT(LENGTH_MEASURE(1.E-07),#244,
  'distance_accuracy_value','confusion accuracy');
#248 = CONTEXT_DEPENDENT_SHAPE_REPRESENTATION(#249,#251);
#249 = ( REPRESENTATION_RELATIONSHIP('','',#92,#10) 
REPRESENTATION_RELATIONSHIP_WITH_TRANSFORMATION(#250) 
SHAPE_REPRESENTATION_RELATIONSHIP() );
#250 = ITEM_DEFINED_TRANSFORMATION('','',#11,#15);
#251 = PRODUCT_DEFINITION_SHAPE('Placement','Placement of an item',#252
  );
#252 = NEXT_ASSEMBLY_USAGE_OCCURRENCE('9','fluid_air_up','',#5,#87,$);
#253 = PRODUCT_RELATED_PRODUCT_CATEGORY('part',$,(#89));
#254 = SHAPE_DEFINITION_REPRESENTATION(#255,#261);
#255 = PRODUCT_DEFINITION_SHAPE('','',#256);
#256 = PRODUCT_DEFINITION('design','',#257,#260);
#257 = PRODUCT_DEFINITION_FORMATION('','',#258);
#258 = PRODUCT('fluid_air_core_r01','fluid_air_core_r01','',(#259));
#259 = PRODUCT_CONTEXT('',#2,'mechanical');
#260 = PRODUCT_DEFINITION_CONTEXT('part definition',#2,'design');
#261 = ADVANCED_BREP_SHAPE_REPRESENTATION('',(#11,#262),#529);
#262 = MANIFOLD_SOLID_BREP('',#263);
#263 = CLOSED_SHELL('',(#264,#304,#335,#392,#416,#466,#478,#495,#512));
#264 = ADVANCED_FACE('',(#265),#299,.F.);
#265 = FACE_BOUND('',#266,.F.);
#266 = EDGE_LOOP('',(#267,#277,#285,#293));
#267 = ORIENTED_EDGE('',*,*,#268,.F.);
#268 = EDGE_CURVE('',#269,#271,#273,.T.);
#269 = VERTEX_POINT('',#270);
#270 = CARTESIAN_POINT('',(0.,0.,10.));
#271 = VERTEX_POINT('',#272);
#272 = CARTESIAN_POINT('',(0.,0.,90.));
#273 = LINE('',#274,#275);
#274 = CARTESIAN_POINT('',(0.,0.,10.));
#275 = VECTOR('',#276,1.);
#276 = DIRECTION('',(0.,0.,1.));
#277 = ORIENTED_EDGE('',*,*,#278,.T.);
#278 = EDGE_CURVE('',#269,#279,#281,.T.);
#279 = VERTEX_POINT('',#280);
#280 = CARTESIAN_POINT('',(0.,76.2,10.));
#281 = LINE('',#282,#283);
#282 = CARTESIAN_POINT('',(0.,0.,10.));
#283 = VECTOR('',#284,1.);
#284 = DIRECTION('',(-0.,1.,0.));
#285 = ORIENTED_EDGE('',*,*,#286,.T.);
#286 = EDGE_CURVE('',#279,#287,#289,.T.);
#287 = VERTEX_POINT('',#288);
#288 = CARTESIAN_POINT('',(0.,76.2,90.));
#289 = LINE('',#290,#291);
#290 = CARTESIAN_POINT('',(0.,76.2,10.));
#291 = VECTOR('',#292,1.);
#292 = DIRECTION('',(0.,0.,1.));
#293 = ORIENTED_EDGE('',*,*,#294,.F.);
#294 = EDGE_CURVE('',#271,#287,#295,.T.);
#295 = LINE('',#296,#297);
#296 = CARTESIAN_POINT('',(0.,0.,90.));
#297 = VECTOR('',#298,1.);
#298 = DIRECTION('',(-0.,1.,0.));
#299 = PLANE('',#300);
#300 = AXIS2_PLACEMENT_3D('',#301,#302,#303);
#301 = CARTESIAN_POINT('',(0.,0.,10.));
#302 = DIRECTION('',(1.,0.,-0.));
#303 = DIRECTION('',(0.,0.,1.));
#304 = ADVANCED_FACE('',(#305),#330,.F.);
#305 = FACE_BOUND('',#306,.F.);
#306 = EDGE_LOOP('',(#307,#315,#316,#324));
#307 = ORIENTED_EDGE('',*,*,#308,.F.);
#308 = EDGE_CURVE('',#269,#309,#311,.T.);
#309 = VERTEX_POINT('',#310);
#310 = CARTESIAN_POINT('',(22.,0.,10.));
#311 = LINE('',#312,#313);
#312 = CARTESIAN_POINT('',(0.,0.,10.));
#313 = VECTOR('',#314,1.);
#314 = DIRECTION('',(1.,0.,-0.));
#315 = ORIENTED_EDGE('',*,*,#268,.T.);
#316 = ORIENTED_EDGE('',*,*,#317,.T.);
#317 = EDGE_CURVE('',#271,#318,#320,.T.);
#318 = VERTEX_POINT('',#319);
#319 = CARTESIAN_POINT('',(22.,0.,90.));
#320 = LINE('',#321,#322);
#321 = CARTESIAN_POINT('',(0.,0.,90.));
#322 = VECTOR('',#323,1.);
#323 = DIRECTION('',(1.,0.,-0.));
#324 = ORIENTED_EDGE('',*,*,#325,.F.);
#325 = EDGE_CURVE('',#309,#318,#326,.T.);
#326 = LINE('',#327,#328);
#327 = CARTESIAN_POINT('',(22.,0.,10.));
#328 = VECTOR('',#329,1.);
#329 = DIRECTION('',(0.,0.,1.));
#330 = PLANE('',#331);
#331 = AXIS2_PLACEMENT_3D('',#332,#333,#334);
#332 = CARTESIAN_POINT('',(0.,0.,10.));
#333 = DIRECTION('',(-0.,1.,0.));
#334 = DIRECTION('',(0.,0.,1.));
#335 = ADVANCED_FACE('',(#336,#354,#365,#376),#387,.T.);
#336 = FACE_BOUND('',#337,.T.);
#337 = EDGE_LOOP('',(#338,#339,#340,#348));
#338 = ORIENTED_EDGE('',*,*,#294,.F.);
#339 = ORIENTED_EDGE('',*,*,#317,.T.);
#340 = ORIENTED_EDGE('',*,*,#341,.T.);
#341 = EDGE_CURVE('',#318,#342,#344,.T.);
#342 = VERTEX_POINT('',#343);
#343 = CARTESIAN_POINT('',(22.,76.2,90.));
#344 = LINE('',#345,#346);
#345 = CARTESIAN_POINT('',(22.,0.,90.));
#346 = VECTOR('',#347,1.);
#347 = DIRECTION('',(-0.,1.,0.));
#348 = ORIENTED_EDGE('',*,*,#349,.F.);
#349 = EDGE_CURVE('',#287,#342,#350,.T.);
#350 = LINE('',#351,#352);
#351 = CARTESIAN_POINT('',(0.,76.2,90.));
#352 = VECTOR('',#353,1.);
#353 = DIRECTION('',(1.,0.,-0.));
#354 = FACE_BOUND('',#355,.T.);
#355 = EDGE_LOOP('',(#356));
#356 = ORIENTED_EDGE('',*,*,#357,.F.);
#357 = EDGE_CURVE('',#358,#358,#360,.T.);
#358 = VERTEX_POINT('',#359);
#359 = CARTESIAN_POINT('',(15.76,12.7,90.));
#360 = CIRCLE('',#361,4.76);
#361 = AXIS2_PLACEMENT_3D('',#362,#363,#364);
#362 = CARTESIAN_POINT('',(11.,12.7,90.));
#363 = DIRECTION('',(0.,0.,1.));
#364 = DIRECTION('',(1.,0.,-0.));
#365 = FACE_BOUND('',#366,.T.);
#366 = EDGE_LOOP('',(#367));
#367 = ORIENTED_EDGE('',*,*,#368,.F.);
#368 = EDGE_CURVE('',#369,#369,#371,.T.);
#369 = VERTEX_POINT('',#370);
#370 = CARTESIAN_POINT('',(15.76,38.1,90.));
#371 = CIRCLE('',#372,4.76);
#372 = AXIS2_PLACEMENT_3D('',#373,#374,#375);
#373 = CARTESIAN_POINT('',(11.,38.1,90.));
#374 = DIRECTION('',(0.,0.,1.));
#375 = DIRECTION('',(1.,0.,-0.));
#376 = FACE_BOUND('',#377,.T.);
#377 = EDGE_LOOP('',(#378));
#378 = ORIENTED_EDGE('',*,*,#379,.F.);
#379 = EDGE_CURVE('',#380,#380,#382,.T.);
#380 = VERTEX_POINT('',#381);
#381 = CARTESIAN_POINT('',(15.76,63.5,90.));
#382 = CIRCLE('',#383,4.76);
#383 = AXIS2_PLACEMENT_3D('',#384,#385,#386);
#384 = CARTESIAN_POINT('',(11.,63.5,90.));
#385 = DIRECTION('',(0.,0.,1.));
#386 = DIRECTION('',(1.,0.,-0.));
#387 = PLANE('',#388);
#388 = AXIS2_PLACEMENT_3D('',#389,#390,#391);
#389 = CARTESIAN_POINT('',(0.,0.,90.));
#390 = DIRECTION('',(0.,0.,1.));
#391 = DIRECTION('',(1.,0.,-0.));
#392 = ADVANCED_FACE('',(#393),#411,.T.);
#393 = FACE_BOUND('',#394,.T.);
#394 = EDGE_LOOP('',(#395,#403,#404,#405));
#395 = ORIENTED_EDGE('',*,*,#396,.F.);
#396 = EDGE_CURVE('',#279,#397,#399,.T.);
#397 = VERTEX_POINT('',#398);
#398 = CARTESIAN_POINT('',(22.,76.2,10.));
#399 = LINE('',#400,#401);
#400 = CARTESIAN_POINT('',(0.,76.2,10.));
#401 = VECTOR('',#402,1.);
#402 = DIRECTION('',(1.,0.,-0.));
#403 = ORIENTED_EDGE('',*,*,#286,.T.);
#404 = ORIENTED_EDGE('',*,*,#349,.T.);
#405 = ORIENTED_EDGE('',*,*,#406,.F.);
#406 = EDGE_CURVE('',#397,#342,#407,.T.);
#407 = LINE('',#408,#409);
#408 = CARTESIAN_POINT('',(22.,76.2,10.));
#409 = VECTOR('',#410,1.);
#410 = DIRECTION('',(0.,0.,1.));
#411 = PLANE('',#412);
#412 = AXIS2_PLACEMENT_3D('',#413,#414,#415);
#413 = CARTESIAN_POINT('',(0.,76.2,10.));
#414 = DIRECTION('',(-0.,1.,0.));
#415 = DIRECTION('',(0.,0.,1.));
#416 = ADVANCED_FACE('',(#417,#428,#439,#450),#461,.F.);
#417 = FACE_BOUND('',#418,.F.);
#418 = EDGE_LOOP('',(#419,#420,#421,#427));
#419 = ORIENTED_EDGE('',*,*,#278,.F.);
#420 = ORIENTED_EDGE('',*,*,#308,.T.);
#421 = ORIENTED_EDGE('',*,*,#422,.T.);
#422 = EDGE_CURVE('',#309,#397,#423,.T.);
#423 = LINE('',#424,#425);
#424 = CARTESIAN_POINT('',(22.,0.,10.));
#425 = VECTOR('',#426,1.);
#426 = DIRECTION('',(-0.,1.,0.));
#427 = ORIENTED_EDGE('',*,*,#396,.F.);
#428 = FACE_BOUND('',#429,.F.);
#429 = EDGE_LOOP('',(#430));
#430 = ORIENTED_EDGE('',*,*,#431,.F.);
#431 = EDGE_CURVE('',#432,#432,#434,.T.);
#432 = VERTEX_POINT('',#433);
#433 = CARTESIAN_POINT('',(15.76,12.7,10.));
#434 = CIRCLE('',#435,4.76);
#435 = AXIS2_PLACEMENT_3D('',#436,#437,#438);
#436 = CARTESIAN_POINT('',(11.,12.7,10.));
#437 = DIRECTION('',(0.,0.,1.));
#438 = DIRECTION('',(1.,0.,-0.));
#439 = FACE_BOUND('',#440,.F.);
#440 = EDGE_LOOP('',(#441));
#441 = ORIENTED_EDGE('',*,*,#442,.F.);
#442 = EDGE_CURVE('',#443,#443,#445,.T.);
#443 = VERTEX_POINT('',#444);
#444 = CARTESIAN_POINT('',(15.76,38.1,10.));
#445 = CIRCLE('',#446,4.76);
#446 = AXIS2_PLACEMENT_3D('',#447,#448,#449);
#447 = CARTESIAN_POINT('',(11.,38.1,10.));
#448 = DIRECTION('',(0.,0.,1.));
#449 = DIRECTION('',(1.,0.,-0.));
#450 = FACE_BOUND('',#451,.F.);
#451 = EDGE_LOOP('',(#452));
#452 = ORIENTED_EDGE('',*,*,#453,.F.);
#453 = EDGE_CURVE('',#454,#454,#456,.T.);
#454 = VERTEX_POINT('',#455);
#455 = CARTESIAN_POINT('',(15.76,63.5,10.));
#456 = CIRCLE('',#457,4.76);
#457 = AXIS2_PLACEMENT_3D('',#458,#459,#460);
#458 = CARTESIAN_POINT('',(11.,63.5,10.));
#459 = DIRECTION('',(0.,0.,1.));
#460 = DIRECTION('',(1.,0.,-0.));
#461 = PLANE('',#462);
#462 = AXIS2_PLACEMENT_3D('',#463,#464,#465);
#463 = CARTESIAN_POINT('',(0.,0.,10.));
#464 = DIRECTION('',(0.,0.,1.));
#465 = DIRECTION('',(1.,0.,-0.));
#466 = ADVANCED_FACE('',(#467),#473,.T.);
#467 = FACE_BOUND('',#468,.T.);
#468 = EDGE_LOOP('',(#469,#470,#471,#472));
#469 = ORIENTED_EDGE('',*,*,#325,.F.);
#470 = ORIENTED_EDGE('',*,*,#422,.T.);
#471 = ORIENTED_EDGE('',*,*,#406,.T.);
#472 = ORIENTED_EDGE('',*,*,#341,.F.);
#473 = PLANE('',#474);
#474 = AXIS2_PLACEMENT_3D('',#475,#476,#477);
#475 = CARTESIAN_POINT('',(22.,0.,10.));
#476 = DIRECTION('',(1.,0.,-0.));
#477 = DIRECTION('',(0.,0.,1.));
#478 = ADVANCED_FACE('',(#479),#490,.F.);
#479 = FACE_BOUND('',#480,.F.);
#480 = EDGE_LOOP('',(#481,#482,#488,#489));
#481 = ORIENTED_EDGE('',*,*,#357,.F.);
#482 = ORIENTED_EDGE('',*,*,#483,.F.);
#483 = EDGE_CURVE('',#432,#358,#484,.T.);
#484 = LINE('',#485,#486);
#485 = CARTESIAN_POINT('',(15.76,12.7,0.));
#486 = VECTOR('',#487,1.);
#487 = DIRECTION('',(0.,0.,1.));
#488 = ORIENTED_EDGE('',*,*,#431,.T.);
#489 = ORIENTED_EDGE('',*,*,#483,.T.);
#490 = CYLINDRICAL_SURFACE('',#491,4.76);
#491 = AXIS2_PLACEMENT_3D('',#492,#493,#494);
#492 = CARTESIAN_POINT('',(11.,12.7,0.));
#493 = DIRECTION('',(0.,0.,1.));
#494 = DIRECTION('',(1.,0.,-0.));
#495 = ADVANCED_FACE('',(#496),#507,.F.);
#496 = FACE_BOUND('',#497,.F.);
#497 = EDGE_LOOP('',(#498,#499,#505,#506));
#498 = ORIENTED_EDGE('',*,*,#368,.F.);
#499 = ORIENTED_EDGE('',*,*,#500,.F.);
#500 = EDGE_CURVE('',#443,#369,#501,.T.);
#501 = LINE('',#502,#503);
#502 = CARTESIAN_POINT('',(15.76,38.1,0.));
#503 = VECTOR('',#504,1.);
#504 = DIRECTION('',(0.,0.,1.));
#505 = ORIENTED_EDGE('',*,*,#442,.T.);
#506 = ORIENTED_EDGE('',*,*,#500,.T.);
#507 = CYLINDRICAL_SURFACE('',#508,4.76);
#508 = AXIS2_PLACEMENT_3D('',#509,#510,#511);
#509 = CARTESIAN_POINT('',(11.,38.1,0.));
#510 = DIRECTION('',(0.,0.,1.));
#511 = DIRECTION('',(1.,0.,-0.));
#512 = ADVANCED_FACE('',(#513),#524,.F.);
#513 = FACE_BOUND('',#514,.F.);
#514 = EDGE_LOOP('',(#515,#516,#522,#523));
#515 = ORIENTED_EDGE('',*,*,#379,.F.);
#516 = ORIENTED_EDGE('',*,*,#517,.F.);
#517 = EDGE_CURVE('',#454,#380,#518,.T.);
#518 = LINE('',#519,#520);
#519 = CARTESIAN_POINT('',(15.76,63.5,0.));
#520 = VECTOR('',#521,1.);
#521 = DIRECTION('',(0.,0.,1.));
#522 = ORIENTED_EDGE('',*,*,#453,.T.);
#523 = ORIENTED_EDGE('',*,*,#517,.T.);
#524 = CYLINDRICAL_SURFACE('',#525,4.76);
#525 = AXIS2_PLACEMENT_3D('',#526,#527,#528);
#526 = CARTESIAN_POINT('',(11.,63.5,0.));
#527 = DIRECTION('',(0.,0.,1.));
#528 = DIRECTION('',(1.,0.,-0.));
#529 = ( GEOMETRIC_REPRESENTATION_CONTEXT(3) 
GLOBAL_UNCERTAINTY_ASSIGNED_CONTEXT((#533)) GLOBAL_UNIT_ASSIGNED_CONTEXT
((#530,#531,#532)) REPRESENTATION_CONTEXT('Context #1',
  '3D Context with UNIT and UNCERTAINTY') );
#530 = ( LENGTH_UNIT() NAMED_UNIT(*) SI_UNIT(.MILLI.,.METRE.) );
#531 = ( NAMED_UNIT(*) PLANE_ANGLE_UNIT() SI_UNIT($,.RADIAN.) );
#532 = ( NAMED_UNIT(*) SI_UNIT($,.STERADIAN.) SOLID_ANGLE_UNIT() );
#533 = UNCERTAINTY_MEASURE_WITH_UNIT(LENGTH_MEASURE(1.E-07),#530,
  'distance_accuracy_value','confusion accuracy');
#534 = CONTEXT_DEPENDENT_SHAPE_REPRESENTATION(#535,#537);
#535 = ( REPRESENTATION_RELATIONSHIP('','',#261,#10) 
REPRESENTATION_RELATIONSHIP_WITH_TRANSFORMATION(#536) 
SHAPE_REPRESENTATION_RELATIONSHIP() );
#536 = ITEM_DEFINED_TRANSFORMATION('','',#11,#19);
#537 = PRODUCT_DEFINITION_SHAPE('Placement','Placement of an item',#538
  );
#538 = NEXT_ASSEMBLY_USAGE_OCCURRENCE('10','fluid_air_core_r01','',#5,
  #256,$);
#539 = PRODUCT_RELATED_PRODUCT_CATEGORY('part',$,(#258));
#540 = SHAPE_DEFINITION_REPRESENTATION(#541,#547);
#541 = PRODUCT_DEFINITION_SHAPE('','',#542);
#542 = PRODUCT_DEFINITION('design','',#543,#546);
#543 = PRODUCT_DEFINITION_FORMATION('','',#544);
#544 = PRODUCT('fluid_air_down','fluid_air_down','',(#545));
#545 = PRODUCT_CONTEXT('',#2,'mechanical');
#546 = PRODUCT_DEFINITION_CONTEXT('part definition',#2,'design');
#547 = ADVANCED_BREP_SHAPE_REPRESENTATION('',(#11,#548),#698);
#548 = MANIFOLD_SOLID_BREP('',#549);
#549 = CLOSED_SHELL('',(#550,#590,#630,#652,#674,#686));
#550 = ADVANCED_FACE('',(#551),#585,.F.);
#551 = FACE_BOUND('',#552,.F.);
#552 = EDGE_LOOP('',(#553,#563,#571,#579));
#553 = ORIENTED_EDGE('',*,*,#554,.F.);
#554 = EDGE_CURVE('',#555,#557,#559,.T.);
#555 = VERTEX_POINT('',#556);
#556 = CARTESIAN_POINT('',(22.,0.,10.));
#557 = VERTEX_POINT('',#558);
#558 = CARTESIAN_POINT('',(22.,0.,90.));
#559 = LINE('',#560,#561);
#560 = CARTESIAN_POINT('',(22.,0.,10.));
#561 = VECTOR('',#562,1.);
#562 = DIRECTION('',(0.,0.,1.));
#563 = ORIENTED_EDGE('',*,*,#564,.T.);
#564 = EDGE_CURVE('',#555,#565,#567,.T.);
#565 = VERTEX_POINT('',#566);
#566 = CARTESIAN_POINT('',(22.,76.2,10.));
#567 = LINE('',#568,#569);
#568 = CARTESIAN_POINT('',(22.,0.,10.));
#569 = VECTOR('',#570,1.);
#570 = DIRECTION('',(-0.,1.,0.));
#571 = ORIENTED_EDGE('',*,*,#572,.T.);
#572 = EDGE_CURVE('',#565,#573,#575,.T.);
#573 = VERTEX_POINT('',#574);
#574 = CARTESIAN_POINT('',(22.,76.2,90.));
#575 = LINE('',#576,#577);
#576 = CARTESIAN_POINT('',(22.,76.2,10.));
#577 = VECTOR('',#578,1.);
#578 = DIRECTION('',(0.,0.,1.));
#579 = ORIENTED_EDGE('',*,*,#580,.F.);
#580 = EDGE_CURVE('',#557,#573,#581,.T.);
#581 = LINE('',#582,#583);
#582 = CARTESIAN_POINT('',(22.,0.,90.));
#583 = VECTOR('',#584,1.);
#584 = DIRECTION('',(-0.,1.,0.));
#585 = PLANE('',#586);
#586 = AXIS2_PLACEMENT_3D('',#587,#588,#589);
#587 = CARTESIAN_POINT('',(22.,0.,10.));
#588 = DIRECTION('',(1.,0.,-0.));
#589 = DIRECTION('',(0.,0.,1.));
#590 = ADVANCED_FACE('',(#591),#625,.T.);
#591 = FACE_BOUND('',#592,.T.);
#592 = EDGE_LOOP('',(#593,#603,#611,#619));
#593 = ORIENTED_EDGE('',*,*,#594,.F.);
#594 = EDGE_CURVE('',#595,#597,#599,.T.);
#595 = VERTEX_POINT('',#596);
#596 = CARTESIAN_POINT('',(102.,0.,10.));
#597 = VERTEX_POINT('',#598);
#598 = CARTESIAN_POINT('',(102.,0.,90.));
#599 = LINE('',#600,#601);
#600 = CARTESIAN_POINT('',(102.,0.,10.));
#601 = VECTOR('',#602,1.);
#602 = DIRECTION('',(0.,0.,1.));
#603 = ORIENTED_EDGE('',*,*,#604,.T.);
#604 = EDGE_CURVE('',#595,#605,#607,.T.);
#605 = VERTEX_POINT('',#606);
#606 = CARTESIAN_POINT('',(102.,76.2,10.));
#607 = LINE('',#608,#609);
#608 = CARTESIAN_POINT('',(102.,0.,10.));
#609 = VECTOR('',#610,1.);
#610 = DIRECTION('',(-0.,1.,0.));
#611 = ORIENTED_EDGE('',*,*,#612,.T.);
#612 = EDGE_CURVE('',#605,#613,#615,.T.);
#613 = VERTEX_POINT('',#614);
#614 = CARTESIAN_POINT('',(102.,76.2,90.));
#615 = LINE('',#616,#617);
#616 = CARTESIAN_POINT('',(102.,76.2,10.));
#617 = VECTOR('',#618,1.);
#618 = DIRECTION('',(0.,0.,1.));
#619 = ORIENTED_EDGE('',*,*,#620,.F.);
#620 = EDGE_CURVE('',#597,#613,#621,.T.);
#621 = LINE('',#622,#623);
#622 = CARTESIAN_POINT('',(102.,0.,90.));
#623 = VECTOR('',#624,1.);
#624 = DIRECTION('',(-0.,1.,0.));
#625 = PLANE('',#626);
#626 = AXIS2_PLACEMENT_3D('',#627,#628,#629);
#627 = CARTESIAN_POINT('',(102.,0.,10.));
#628 = DIRECTION('',(1.,0.,-0.));
#629 = DIRECTION('',(0.,0.,1.));
#630 = ADVANCED_FACE('',(#631),#647,.F.);
#631 = FACE_BOUND('',#632,.F.);
#632 = EDGE_LOOP('',(#633,#639,#640,#646));
#633 = ORIENTED_EDGE('',*,*,#634,.F.);
#634 = EDGE_CURVE('',#555,#595,#635,.T.);
#635 = LINE('',#636,#637);
#636 = CARTESIAN_POINT('',(22.,0.,10.));
#637 = VECTOR('',#638,1.);
#638 = DIRECTION('',(1.,0.,-0.));
#639 = ORIENTED_EDGE('',*,*,#554,.T.);
#640 = ORIENTED_EDGE('',*,*,#641,.T.);
#641 = EDGE_CURVE('',#557,#597,#642,.T.);
#642 = LINE('',#643,#644);
#643 = CARTESIAN_POINT('',(22.,0.,90.));
#644 = VECTOR('',#645,1.);
#645 = DIRECTION('',(1.,0.,-0.));
#646 = ORIENTED_EDGE('',*,*,#594,.F.);
#647 = PLANE('',#648);
#648 = AXIS2_PLACEMENT_3D('',#649,#650,#651);
#649 = CARTESIAN_POINT('',(22.,0.,10.));
#650 = DIRECTION('',(-0.,1.,0.));
#651 = DIRECTION('',(0.,0.,1.));
#652 = ADVANCED_FACE('',(#653),#669,.T.);
#653 = FACE_BOUND('',#654,.T.);
#654 = EDGE_LOOP('',(#655,#661,#662,#668));
#655 = ORIENTED_EDGE('',*,*,#656,.F.);
#656 = EDGE_CURVE('',#565,#605,#657,.T.);
#657 = LINE('',#658,#659);
#658 = CARTESIAN_POINT('',(22.,76.2,10.));
#659 = VECTOR('',#660,1.);
#660 = DIRECTION('',(1.,0.,-0.));
#661 = ORIENTED_EDGE('',*,*,#572,.T.);
#662 = ORIENTED_EDGE('',*,*,#663,.T.);
#663 = EDGE_CURVE('',#573,#613,#664,.T.);
#664 = LINE('',#665,#666);
#665 = CARTESIAN_POINT('',(22.,76.2,90.));
#666 = VECTOR('',#667,1.);
#667 = DIRECTION('',(1.,0.,-0.));
#668 = ORIENTED_EDGE('',*,*,#612,.F.);
#669 = PLANE('',#670);
#670 = AXIS2_PLACEMENT_3D('',#671,#672,#673);
#671 = CARTESIAN_POINT('',(22.,76.2,10.));
#672 = DIRECTION('',(-0.,1.,0.));
#673 = DIRECTION('',(0.,0.,1.));
#674 = ADVANCED_FACE('',(#675),#681,.F.);
#675 = FACE_BOUND('',#676,.F.);
#676 = EDGE_LOOP('',(#677,#678,#679,#680));
#677 = ORIENTED_EDGE('',*,*,#564,.F.);
#678 = ORIENTED_EDGE('',*,*,#634,.T.);
#679 = ORIENTED_EDGE('',*,*,#604,.T.);
#680 = ORIENTED_EDGE('',*,*,#656,.F.);
#681 = PLANE('',#682);
#682 = AXIS2_PLACEMENT_3D('',#683,#684,#685);
#683 = CARTESIAN_POINT('',(22.,0.,10.));
#684 = DIRECTION('',(0.,0.,1.));
#685 = DIRECTION('',(1.,0.,-0.));
#686 = ADVANCED_FACE('',(#687),#693,.T.);
#687 = FACE_BOUND('',#688,.T.);
#688 = EDGE_LOOP('',(#689,#690,#691,#692));
#689 = ORIENTED_EDGE('',*,*,#580,.F.);
#690 = ORIENTED_EDGE('',*,*,#641,.T.);
#691 = ORIENTED_EDGE('',*,*,#620,.T.);
#692 = ORIENTED_EDGE('',*,*,#663,.F.);
#693 = PLANE('',#694);
#694 = AXIS2_PLACEMENT_3D('',#695,#696,#697);
#695 = CARTESIAN_POINT('',(22.,0.,90.));
#696 = DIRECTION('',(0.,0.,1.));
#697 = DIRECTION('',(1.,0.,-0.));
#698 = ( GEOMETRIC_REPRESENTATION_CONTEXT(3) 
GLOBAL_UNCERTAINTY_ASSIGNED_CONTEXT((#702)) GLOBAL_UNIT_ASSIGNED_CONTEXT
((#699,#700,#701)) REPRESENTATION_CONTEXT('Context #1',
  '3D Context with UNIT and UNCERTAINTY') );
#699 = ( LENGTH_UNIT() NAMED_UNIT(*) SI_UNIT(.MILLI.,.METRE.) );
#700 = ( NAMED_UNIT(*) PLANE_ANGLE_UNIT() SI_UNIT($,.RADIAN.) );
#701 = ( NAMED_UNIT(*) SI_UNIT($,.STERADIAN.) SOLID_ANGLE_UNIT() );
#702 = UNCERTAINTY_MEASURE_WITH_UNIT(LENGTH_MEASURE(1.E-07),#699,
  'distance_accuracy_value','confusion accuracy');
#703 = CONTEXT_DEPENDENT_SHAPE_REPRESENTATION(#704,#706);
#704 = ( REPRESENTATION_RELATIONSHIP('','',#547,#10) 
REPRESENTATION_RELATIONSHIP_WITH_TRANSFORMATION(#705) 
SHAPE_REPRESENTATION_RELATIONSHIP() );
#705 = ITEM_DEFINED_TRANSFORMATION('','',#11,#23);
#706 = PRODUCT_DEFINITION_SHAPE('Placement','Placement of an item',#707
  );
#707 = NEXT_ASSEMBLY_USAGE_OCCURRENCE('11','fluid_air_down','',#5,#542,$
  );
#708 = PRODUCT_RELATED_PRODUCT_CATEGORY('part',$,(#544));
#709 = SHAPE_DEFINITION_REPRESENTATION(#710,#716);
#710 = PRODUCT_DEFINITION_SHAPE('','',#711);
#711 = PRODUCT_DEFINITION('design','',#712,#715);
#712 = PRODUCT_DEFINITION_FORMATION('','',#713);
#713 = PRODUCT('solid_tube_r01t01','solid_tube_r01t01','',(#714));
#714 = PRODUCT_CONTEXT('',#2,'mechanical');
#715 = PRODUCT_DEFINITION_CONTEXT('part definition',#2,'design');
#716 = ADVANCED_BREP_SHAPE_REPRESENTATION('',(#11,#717),#809);
#717 = MANIFOLD_SOLID_BREP('',#718);
#718 = CLOSED_SHELL('',(#719,#752,#772,#792));
#719 = ADVANCED_FACE('',(#720),#747,.T.);
#720 = FACE_BOUND('',#721,.T.);
#721 = EDGE_LOOP('',(#722,#731,#739,#746));
#722 = ORIENTED_EDGE('',*,*,#723,.F.);
#723 = EDGE_CURVE('',#724,#724,#726,.T.);
#724 = VERTEX_POINT('',#725);
#725 = CARTESIAN_POINT('',(15.76,12.7,100.));
#726 = CIRCLE('',#727,4.76);
#727 = AXIS2_PLACEMENT_3D('',#728,#729,#730);
#728 = CARTESIAN_POINT('',(11.,12.7,100.));
#729 = DIRECTION('',(0.,0.,1.));
#730 = DIRECTION('',(1.,0.,-0.));
#731 = ORIENTED_EDGE('',*,*,#732,.F.);
#732 = EDGE_CURVE('',#733,#724,#735,.T.);
#733 = VERTEX_POINT('',#734);
#734 = CARTESIAN_POINT('',(15.76,12.7,0.));
#735 = LINE('',#736,#737);
#736 = CARTESIAN_POINT('',(15.76,12.7,0.));
#737 = VECTOR('',#738,1.);
#738 = DIRECTION('',(0.,0.,1.));
#739 = ORIENTED_EDGE('',*,*,#740,.T.);
#740 = EDGE_CURVE('',#733,#733,#741,.T.);
#741 = CIRCLE('',#742,4.76);
#742 = AXIS2_PLACEMENT_3D('',#743,#744,#745);
#743 = CARTESIAN_POINT('',(11.,12.7,0.));
#744 = DIRECTION('',(0.,0.,1.));
#745 = DIRECTION('',(1.,0.,-0.));
#746 = ORIENTED_EDGE('',*,*,#732,.T.);
#747 = CYLINDRICAL_SURFACE('',#748,4.76);
#748 = AXIS2_PLACEMENT_3D('',#749,#750,#751);
#749 = CARTESIAN_POINT('',(11.,12.7,0.));
#750 = DIRECTION('',(0.,0.,1.));
#751 = DIRECTION('',(1.,0.,-0.));
#752 = ADVANCED_FACE('',(#753,#756),#767,.T.);
#753 = FACE_BOUND('',#754,.T.);
#754 = EDGE_LOOP('',(#755));
#755 = ORIENTED_EDGE('',*,*,#723,.T.);
#756 = FACE_BOUND('',#757,.T.);
#757 = EDGE_LOOP('',(#758));
#758 = ORIENTED_EDGE('',*,*,#759,.F.);
#759 = EDGE_CURVE('',#760,#760,#762,.T.);
#760 = VERTEX_POINT('',#761);
#761 = CARTESIAN_POINT('',(15.11,12.7,100.));
#762 = CIRCLE('',#763,4.11);
#763 = AXIS2_PLACEMENT_3D('',#764,#765,#766);
#764 = CARTESIAN_POINT('',(11.,12.7,100.));
#765 = DIRECTION('',(0.,0.,1.));
#766 = DIRECTION('',(1.,0.,-0.));
#767 = PLANE('',#768);
#768 = AXIS2_PLACEMENT_3D('',#769,#770,#771);
#769 = CARTESIAN_POINT('',(11.,12.7,100.));
#770 = DIRECTION('',(0.,0.,1.));
#771 = DIRECTION('',(1.,0.,-0.));
#772 = ADVANCED_FACE('',(#773,#776),#787,.F.);
#773 = FACE_BOUND('',#774,.F.);
#774 = EDGE_LOOP('',(#775));
#775 = ORIENTED_EDGE('',*,*,#740,.T.);
#776 = FACE_BOUND('',#777,.F.);
#777 = EDGE_LOOP('',(#778));
#778 = ORIENTED_EDGE('',*,*,#779,.F.);
#779 = EDGE_CURVE('',#780,#780,#782,.T.);
#780 = VERTEX_POINT('',#781);
#781 = CARTESIAN_POINT('',(15.11,12.7,0.));
#782 = CIRCLE('',#783,4.11);
#783 = AXIS2_PLACEMENT_3D('',#784,#785,#786);
#784 = CARTESIAN_POINT('',(11.,12.7,0.));
#785 = DIRECTION('',(0.,0.,1.));
#786 = DIRECTION('',(1.,0.,-0.));
#787 = PLANE('',#788);
#788 = AXIS2_PLACEMENT_3D('',#789,#790,#791);
#789 = CARTESIAN_POINT('',(11.,12.7,0.));
#790 = DIRECTION('',(0.,0.,1.));
#791 = DIRECTION('',(1.,0.,-0.));
#792 = ADVANCED_FACE('',(#793),#804,.F.);
#793 = FACE_BOUND('',#794,.F.);
#794 = EDGE_LOOP('',(#795,#796,#802,#803));
#795 = ORIENTED_EDGE('',*,*,#759,.F.);
#796 = ORIENTED_EDGE('',*,*,#797,.F.);
#797 = EDGE_CURVE('',#780,#760,#798,.T.);
#798 = LINE('',#799,#800);
#799 = CARTESIAN_POINT('',(15.11,12.7,0.));
#800 = VECTOR('',#801,1.);
#801 = DIRECTION('',(0.,0.,1.));
#802 = ORIENTED_EDGE('',*,*,#779,.T.);
#803 = ORIENTED_EDGE('',*,*,#797,.T.);
#804 = CYLINDRICAL_SURFACE('',#805,4.11);
#805 = AXIS2_PLACEMENT_3D('',#806,#807,#808);
#806 = CARTESIAN_POINT('',(11.,12.7,0.));
#807 = DIRECTION('',(0.,0.,1.));
#808 = DIRECTION('',(1.,0.,-0.));
#809 = ( GEOMETRIC_REPRESENTATION_CONTEXT(3) 
GLOBAL_UNCERTAINTY_ASSIGNED_CONTEXT((#813)) GLOBAL_UNIT_ASSIGNED_CONTEXT
((#810,#811,#812)) REPRESENTATION_CONTEXT('Context #1',
  '3D Context with UNIT and UNCERTAINTY') );
#810 = ( LENGTH_UNIT() NAMED_UNIT(*) SI_UNIT(.MILLI.,.METRE.) );
#811 = ( NAMED_UNIT(*) PLANE_ANGLE_UNIT() SI_UNIT($,.RADIAN.) );
#812 = ( NAMED_UNIT(*) SI_UNIT($,.STERADIAN.) SOLID_ANGLE_UNIT() );
#813 = UNCERTAINTY_MEASURE_WITH_UNIT(LENGTH_MEASURE(1.E-07),#810,
  'distance_accuracy_value','confusion accuracy');
#814 = CONTEXT_DEPENDENT_SHAPE_REPRESENTATION(#815,#817);
#815 = ( REPRESENTATION_RELATIONSHIP('','',#716,#10) 
REPRESENTATION_RELATIONSHIP_WITH_TRANSFORMATION(#816) 
SHAPE_REPRESENTATION_RELATIONSHIP() );
#816 = ITEM_DEFINED_TRANSFORMATION('','',#11,#27);
#817 = PRODUCT_DEFINITION_SHAPE('Placement','Placement of an item',#818
  );
#818 = NEXT_ASSEMBLY_USAGE_OCCURRENCE('12','solid_tube_r01t01','',#5,
  #711,$);
#819 = PRODUCT_RELATED_PRODUCT_CATEGORY('part',$,(#713));
#820 = SHAPE_DEFINITION_REPRESENTATION(#821,#827);
#821 = PRODUCT_DEFINITION_SHAPE('','',#822);
#822 = PRODUCT_DEFINITION('design','',#823,#826);
#823 = PRODUCT_DEFINITION_FORMATION('','',#824);
#824 = PRODUCT('fluid_ref_r01t01','fluid_ref_r01t01','',(#825));
#825 = PRODUCT_CONTEXT('',#2,'mechanical');
#826 = PRODUCT_DEFINITION_CONTEXT('part definition',#2,'design');
#827 = ADVANCED_BREP_SHAPE_REPRESENTATION('',(#11,#828),#881);
#828 = MANIFOLD_SOLID_BREP('',#829);
#829 = CLOSED_SHELL('',(#830,#863,#872));
#830 = ADVANCED_FACE('',(#831),#858,.T.);
#831 = FACE_BOUND('',#832,.T.);
#832 = EDGE_LOOP('',(#833,#842,#850,#857));
#833 = ORIENTED_EDGE('',*,*,#834,.F.);
#834 = EDGE_CURVE('',#835,#835,#837,.T.);
#835 = VERTEX_POINT('',#836);
#836 = CARTESIAN_POINT('',(15.11,12.7,100.));
#837 = CIRCLE('',#838,4.11);
#838 = AXIS2_PLACEMENT_3D('',#839,#840,#841);
#839 = CARTESIAN_POINT('',(11.,12.7,100.));
#840 = DIRECTION('',(0.,0.,1.));
#841 = DIRECTION('',(1.,0.,-0.));
#842 = ORIENTED_EDGE('',*,*,#843,.F.);
#843 = EDGE_CURVE('',#844,#835,#846,.T.);
#844 = VERTEX_POINT('',#845);
#845 = CARTESIAN_POINT('',(15.11,12.7,0.));
#846 = LINE('',#847,#848);
#847 = CARTESIAN_POINT('',(15.11,12.7,0.));
#848 = VECTOR('',#849,1.);
#849 = DIRECTION('',(0.,0.,1.));
#850 = ORIENTED_EDGE('',*,*,#851,.T.);
#851 = EDGE_CURVE('',#844,#844,#852,.T.);
#852 = CIRCLE('',#853,4.11);
#853 = AXIS2_PLACEMENT_3D('',#854,#855,#856);
#854 = CARTESIAN_POINT('',(11.,12.7,0.));
#855 = DIRECTION('',(0.,0.,1.));
#856 = DIRECTION('',(1.,0.,-0.));
#857 = ORIENTED_EDGE('',*,*,#843,.T.);
#858 = CYLINDRICAL_SURFACE('',#859,4.11);
#859 = AXIS2_PLACEMENT_3D('',#860,#861,#862);
#860 = CARTESIAN_POINT('',(11.,12.7,0.));
#861 = DIRECTION('',(0.,0.,1.));
#862 = DIRECTION('',(1.,0.,-0.));
#863 = ADVANCED_FACE('',(#864),#867,.T.);
#864 = FACE_BOUND('',#865,.T.);
#865 = EDGE_LOOP('',(#866));
#866 = ORIENTED_EDGE('',*,*,#834,.T.);
#867 = PLANE('',#868);
#868 = AXIS2_PLACEMENT_3D('',#869,#870,#871);
#869 = CARTESIAN_POINT('',(11.,12.7,100.));
#870 = DIRECTION('',(0.,0.,1.));
#871 = DIRECTION('',(1.,0.,-0.));
#872 = ADVANCED_FACE('',(#873),#876,.F.);
#873 = FACE_BOUND('',#874,.T.);
#874 = EDGE_LOOP('',(#875));
#875 = ORIENTED_EDGE('',*,*,#851,.F.);
#876 = PLANE('',#877);
#877 = AXIS2_PLACEMENT_3D('',#878,#879,#880);
#878 = CARTESIAN_POINT('',(11.,12.7,0.));
#879 = DIRECTION('',(0.,0.,1.));
#880 = DIRECTION('',(1.,0.,-0.));
#881 = ( GEOMETRIC_REPRESENTATION_CONTEXT(3) 
GLOBAL_UNCERTAINTY_ASSIGNED_CONTEXT((#885)) GLOBAL_UNIT_ASSIGNED_CONTEXT
((#882,#883,#884)) REPRESENTATION_CONTEXT('Context #1',
  '3D Context with UNIT and UNCERTAINTY') );
#882 = ( LENGTH_UNIT() NAMED_UNIT(*) SI_UNIT(.MILLI.,.METRE.) );
#883 = ( NAMED_UNIT(*) PLANE_ANGLE_UNIT() SI_UNIT($,.RADIAN.) );
#884 = ( NAMED_UNIT(*) SI_UNIT($,.STERADIAN.) SOLID_ANGLE_UNIT() );
#885 = UNCERTAINTY_MEASURE_WITH_UNIT(LENGTH_MEASURE(1.E-07),#882,
  'distance_accuracy_value','confusion accuracy');
#886 = CONTEXT_DEPENDENT_SHAPE_REPRESENTATION(#887,#889);
#887 = ( REPRESENTATION_RELATIONSHIP('','',#827,#10) 
REPRESENTATION_RELATIONSHIP_WITH_TRANSFORMATION(#888) 
SHAPE_REPRESENTATION_RELATIONSHIP() );
#888 = ITEM_DEFINED_TRANSFORMATION('','',#11,#31);
#889 = PRODUCT_DEFINITION_SHAPE('Placement','Placement of an item',#890
  );
#890 = NEXT_ASSEMBLY_USAGE_OCCURRENCE('13','fluid_ref_r01t01','',#5,#822
  ,$);
#891 = PRODUCT_RELATED_PRODUCT_CATEGORY('part',$,(#824));
#892 = SHAPE_DEFINITION_REPRESENTATION(#893,#899);
#893 = PRODUCT_DEFINITION_SHAPE('','',#894);
#894 = PRODUCT_DEFINITION('design','',#895,#898);
#895 = PRODUCT_DEFINITION_FORMATION('','',#896);
#896 = PRODUCT('solid_tube_r01t02','solid_tube_r01t02','',(#897));
#897 = PRODUCT_CONTEXT('',#2,'mechanical');
#898 = PRODUCT_DEFINITION_CONTEXT('part definition',#2,'design');
#899 = ADVANCED_BREP_SHAPE_REPRESENTATION('',(#11,#900),#992);
#900 = MANIFOLD_SOLID_BREP('',#901);
#901 = CLOSED_SHELL('',(#902,#935,#955,#975));
#902 = ADVANCED_FACE('',(#903),#930,.T.);
#903 = FACE_BOUND('',#904,.T.);
#904 = EDGE_LOOP('',(#905,#914,#922,#929));
#905 = ORIENTED_EDGE('',*,*,#906,.F.);
#906 = EDGE_CURVE('',#907,#907,#909,.T.);
#907 = VERTEX_POINT('',#908);
#908 = CARTESIAN_POINT('',(15.76,38.1,100.));
#909 = CIRCLE('',#910,4.76);
#910 = AXIS2_PLACEMENT_3D('',#911,#912,#913);
#911 = CARTESIAN_POINT('',(11.,38.1,100.));
#912 = DIRECTION('',(0.,0.,1.));
#913 = DIRECTION('',(1.,0.,-0.));
#914 = ORIENTED_EDGE('',*,*,#915,.F.);
#915 = EDGE_CURVE('',#916,#907,#918,.T.);
#916 = VERTEX_POINT('',#917);
#917 = CARTESIAN_POINT('',(15.76,38.1,0.));
#918 = LINE('',#919,#920);
#919 = CARTESIAN_POINT('',(15.76,38.1,0.));
#920 = VECTOR('',#921,1.);
#921 = DIRECTION('',(0.,0.,1.));
#922 = ORIENTED_EDGE('',*,*,#923,.T.);
#923 = EDGE_CURVE('',#916,#916,#924,.T.);
#924 = CIRCLE('',#925,4.76);
#925 = AXIS2_PLACEMENT_3D('',#926,#927,#928);
#926 = CARTESIAN_POINT('',(11.,38.1,0.));
#927 = DIRECTION('',(0.,0.,1.));
#928 = DIRECTION('',(1.,0.,-0.));
#929 = ORIENTED_EDGE('',*,*,#915,.T.);
#930 = CYLINDRICAL_SURFACE('',#931,4.76);
#931 = AXIS2_PLACEMENT_3D('',#932,#933,#934);
#932 = CARTESIAN_POINT('',(11.,38.1,0.));
#933 = DIRECTION('',(0.,0.,1.));
#934 = DIRECTION('',(1.,0.,-0.));
#935 = ADVANCED_FACE('',(#936,#939),#950,.T.);
#936 = FACE_BOUND('',#937,.T.);
#937 = EDGE_LOOP('',(#938));
#938 = ORIENTED_EDGE('',*,*,#906,.T.);
#939 = FACE_BOUND('',#940,.T.);
#940 = EDGE_LOOP('',(#941));
#941 = ORIENTED_EDGE('',*,*,#942,.F.);
#942 = EDGE_CURVE('',#943,#943,#945,.T.);
#943 = VERTEX_POINT('',#944);
#944 = CARTESIAN_POINT('',(15.11,38.1,100.));
#945 = CIRCLE('',#946,4.11);
#946 = AXIS2_PLACEMENT_3D('',#947,#948,#949);
#947 = CARTESIAN_POINT('',(11.,38.1,100.));
#948 = DIRECTION('',(0.,0.,1.));
#949 = DIRECTION('',(1.,0.,-0.));
#950 = PLANE('',#951);
#951 = AXIS2_PLACEMENT_3D('',#952,#953,#954);
#952 = CARTESIAN_POINT('',(11.,38.1,100.));
#953 = DIRECTION('',(0.,0.,1.));
#954 = DIRECTION('',(1.,0.,-0.));
#955 = ADVANCED_FACE('',(#956,#959),#970,.F.);
#956 = FACE_BOUND('',#957,.F.);
#957 = EDGE_LOOP('',(#958));
#958 = ORIENTED_EDGE('',*,*,#923,.T.);
#959 = FACE_BOUND('',#960,.F.);
#960 = EDGE_LOOP('',(#961));
#961 = ORIENTED_EDGE('',*,*,#962,.F.);
#962 = EDGE_CURVE('',#963,#963,#965,.T.);
#963 = VERTEX_POINT('',#964);
#964 = CARTESIAN_POINT('',(15.11,38.1,0.));
#965 = CIRCLE('',#966,4.11);
#966 = AXIS2_PLACEMENT_3D('',#967,#968,#969);
#967 = CARTESIAN_POINT('',(11.,38.1,0.));
#968 = DIRECTION('',(0.,0.,1.));
#969 = DIRECTION('',(1.,0.,-0.));
#970 = PLANE('',#971);
#971 = AXIS2_PLACEMENT_3D('',#972,#973,#974);
#972 = CARTESIAN_POINT('',(11.,38.1,0.));
#973 = DIRECTION('',(0.,0.,1.));
#974 = DIRECTION('',(1.,0.,-0.));
#975 = ADVANCED_FACE('',(#976),#987,.F.);
#976 = FACE_BOUND('',#977,.F.);
#977 = EDGE_LOOP('',(#978,#979,#985,#986));
#978 = ORIENTED_EDGE('',*,*,#942,.F.);
#979 = ORIENTED_EDGE('',*,*,#980,.F.);
#980 = EDGE_CURVE('',#963,#943,#981,.T.);
#981 = LINE('',#982,#983);
#982 = CARTESIAN_POINT('',(15.11,38.1,0.));
#983 = VECTOR('',#984,1.);
#984 = DIRECTION('',(0.,0.,1.));
#985 = ORIENTED_EDGE('',*,*,#962,.T.);
#986 = ORIENTED_EDGE('',*,*,#980,.T.);
#987 = CYLINDRICAL_SURFACE('',#988,4.11);
#988 = AXIS2_PLACEMENT_3D('',#989,#990,#991);
#989 = CARTESIAN_POINT('',(11.,38.1,0.));
#990 = DIRECTION('',(0.,0.,1.));
#991 = DIRECTION('',(1.,0.,-0.));
#992 = ( GEOMETRIC_REPRESENTATION_CONTEXT(3) 
GLOBAL_UNCERTAINTY_ASSIGNED_CONTEXT((#996)) GLOBAL_UNIT_ASSIGNED_CONTEXT
((#993,#994,#995)) REPRESENTATION_CONTEXT('Context #1',
  '3D Context with UNIT and UNCERTAINTY') );
#993 = ( LENGTH_UNIT() NAMED_UNIT(*) SI_UNIT(.MILLI.,.METRE.) );
#994 = ( NAMED_UNIT(*) PLANE_ANGLE_UNIT() SI_UNIT($,.RADIAN.) );
#995 = ( NAMED_UNIT(*) SI_UNIT($,.STERADIAN.) SOLID_ANGLE_UNIT() );
#996 = UNCERTAINTY_MEASURE_WITH_UNIT(LENGTH_MEASURE(1.E-07),#993,
  'distance_accuracy_value','confusion accuracy');
#997 = CONTEXT_DEPENDENT_SHAPE_REPRESENTATION(#998,#1000);
#998 = ( REPRESENTATION_RELATIONSHIP('','',#899,#10) 
REPRESENTATION_RELATIONSHIP_WITH_TRANSFORMATION(#999) 
SHAPE_REPRESENTATION_RELATIONSHIP() );
#999 = ITEM_DEFINED_TRANSFORMATION('','',#11,#35);
#1000 = PRODUCT_DEFINITION_SHAPE('Placement','Placement of an item',
  #1001);
#1001 = NEXT_ASSEMBLY_USAGE_OCCURRENCE('14','solid_tube_r01t02','',#5,
  #894,$);
#1002 = PRODUCT_RELATED_PRODUCT_CATEGORY('part',$,(#896));
#1003 = SHAPE_DEFINITION_REPRESENTATION(#1004,#1010);
#1004 = PRODUCT_DEFINITION_SHAPE('','',#1005);
#1005 = PRODUCT_DEFINITION('design','',#1006,#1009);
#1006 = PRODUCT_DEFINITION_FORMATION('','',#1007);
#1007 = PRODUCT('fluid_ref_r01t02','fluid_ref_r01t02','',(#1008));
#1008 = PRODUCT_CONTEXT('',#2,'mechanical');
#1009 = PRODUCT_DEFINITION_CONTEXT('part definition',#2,'design');
#1010 = ADVANCED_BREP_SHAPE_REPRESENTATION('',(#11,#1011),#1064);
#1011 = MANIFOLD_SOLID_BREP('',#1012);
#1012 = CLOSED_SHELL('',(#1013,#1046,#1055));
#1013 = ADVANCED_FACE('',(#1014),#1041,.T.);
#1014 = FACE_BOUND('',#1015,.T.);
#1015 = EDGE_LOOP('',(#1016,#1025,#1033,#1040));
#1016 = ORIENTED_EDGE('',*,*,#1017,.F.);
#1017 = EDGE_CURVE('',#1018,#1018,#1020,.T.);
#1018 = VERTEX_POINT('',#1019);
#1019 = CARTESIAN_POINT('',(15.11,38.1,100.));
#1020 = CIRCLE('',#1021,4.11);
#1021 = AXIS2_PLACEMENT_3D('',#1022,#1023,#1024);
#1022 = CARTESIAN_POINT('',(11.,38.1,100.));
#1023 = DIRECTION('',(0.,0.,1.));
#1024 = DIRECTION('',(1.,0.,-0.));
#1025 = ORIENTED_EDGE('',*,*,#1026,.F.);
#1026 = EDGE_CURVE('',#1027,#1018,#1029,.T.);
#1027 = VERTEX_POINT('',#1028);
#1028 = CARTESIAN_POINT('',(15.11,38.1,0.));
#1029 = LINE('',#1030,#1031);
#1030 = CARTESIAN_POINT('',(15.11,38.1,0.));
#1031 = VECTOR('',#1032,1.);
#1032 = DIRECTION('',(0.,0.,1.));
#1033 = ORIENTED_EDGE('',*,*,#1034,.T.);
#1034 = EDGE_CURVE('',#1027,#1027,#1035,.T.);
#1035 = CIRCLE('',#1036,4.11);
#1036 = AXIS2_PLACEMENT_3D('',#1037,#1038,#1039);
#1037 = CARTESIAN_POINT('',(11.,38.1,0.));
#1038 = DIRECTION('',(0.,0.,1.));
#1039 = DIRECTION('',(1.,0.,-0.));
#1040 = ORIENTED_EDGE('',*,*,#1026,.T.);
#1041 = CYLINDRICAL_SURFACE('',#1042,4.11);
#1042 = AXIS2_PLACEMENT_3D('',#1043,#1044,#1045);
#1043 = CARTESIAN_POINT('',(11.,38.1,0.));
#1044 = DIRECTION('',(0.,0.,1.));
#1045 = DIRECTION('',(1.,0.,-0.));
#1046 = ADVANCED_FACE('',(#1047),#1050,.T.);
#1047 = FACE_BOUND('',#1048,.T.);
#1048 = EDGE_LOOP('',(#1049));
#1049 = ORIENTED_EDGE('',*,*,#1017,.T.);
#1050 = PLANE('',#1051);
#1051 = AXIS2_PLACEMENT_3D('',#1052,#1053,#1054);
#1052 = CARTESIAN_POINT('',(11.,38.1,100.));
#1053 = DIRECTION('',(0.,0.,1.));
#1054 = DIRECTION('',(1.,0.,-0.));
#1055 = ADVANCED_FACE('',(#1056),#1059,.F.);
#1056 = FACE_BOUND('',#1057,.T.);
#1057 = EDGE_LOOP('',(#1058));
#1058 = ORIENTED_EDGE('',*,*,#1034,.F.);
#1059 = PLANE('',#1060);
#1060 = AXIS2_PLACEMENT_3D('',#1061,#1062,#1063);
#1061 = CARTESIAN_POINT('',(11.,38.1,0.));
#1062 = DIRECTION('',(0.,0.,1.));
#1063 = DIRECTION('',(1.,0.,-0.));
#1064 = ( GEOMETRIC_REPRESENTATION_CONTEXT(3) 
GLOBAL_UNCERTAINTY_ASSIGNED_CONTEXT((#1068)) 
GLOBAL_UNIT_ASSIGNED_CONTEXT((#1065,#1066,#1067)) REPRESENTATION_CONTEXT
('Context #1','3D Context with UNIT and UNCERTAINTY') );
#1065 = ( LENGTH_UNIT() NAMED_UNIT(*) SI_UNIT(.MILLI.,.METRE.) );
#1066 = ( NAMED_UNIT(*) PLANE_ANGLE_UNIT() SI_UNIT($,.RADIAN.) );
#1067 = ( NAMED_UNIT(*) SI_UNIT($,.STERADIAN.) SOLID_ANGLE_UNIT() );
#1068 = UNCERTAINTY_MEASURE_WITH_UNIT(LENGTH_MEASURE(1.E-07),#1065,
  'distance_accuracy_value','confusion accuracy');
#1069 = CONTEXT_DEPENDENT_SHAPE_REPRESENTATION(#1070,#1072);
#1070 = ( REPRESENTATION_RELATIONSHIP('','',#1010,#10) 
REPRESENTATION_RELATIONSHIP_WITH_TRANSFORMATION(#1071) 
SHAPE_REPRESENTATION_RELATIONSHIP() );
#1071 = ITEM_DEFINED_TRANSFORMATION('','',#11,#39);
#1072 = PRODUCT_DEFINITION_SHAPE('Placement','Placement of an item',
  #1073);
#1073 = NEXT_ASSEMBLY_USAGE_OCCURRENCE('15','fluid_ref_r01t02','',#5,
  #1005,$);
#1074 = PRODUCT_RELATED_PRODUCT_CATEGORY('part',$,(#1007));
#1075 = SHAPE_DEFINITION_REPRESENTATION(#1076,#1082);
#1076 = PRODUCT_DEFINITION_SHAPE('','',#1077);
#1077 = PRODUCT_DEFINITION('design','',#1078,#1081);
#1078 = PRODUCT_DEFINITION_FORMATION('','',#1079);
#1079 = PRODUCT('solid_tube_r01t03','solid_tube_r01t03','',(#1080));
#1080 = PRODUCT_CONTEXT('',#2,'mechanical');
#1081 = PRODUCT_DEFINITION_CONTEXT('part definition',#2,'design');
#1082 = ADVANCED_BREP_SHAPE_REPRESENTATION('',(#11,#1083),#1175);
#1083 = MANIFOLD_SOLID_BREP('',#1084);
#1084 = CLOSED_SHELL('',(#1085,#1118,#1138,#1158));
#1085 = ADVANCED_FACE('',(#1086),#1113,.T.);
#1086 = FACE_BOUND('',#1087,.T.);
#1087 = EDGE_LOOP('',(#1088,#1097,#1105,#1112));
#1088 = ORIENTED_EDGE('',*,*,#1089,.F.);
#1089 = EDGE_CURVE('',#1090,#1090,#1092,.T.);
#1090 = VERTEX_POINT('',#1091);
#1091 = CARTESIAN_POINT('',(15.76,63.5,100.));
#1092 = CIRCLE('',#1093,4.76);
#1093 = AXIS2_PLACEMENT_3D('',#1094,#1095,#1096);
#1094 = CARTESIAN_POINT('',(11.,63.5,100.));
#1095 = DIRECTION('',(0.,0.,1.));
#1096 = DIRECTION('',(1.,0.,-0.));
#1097 = ORIENTED_EDGE('',*,*,#1098,.F.);
#1098 = EDGE_CURVE('',#1099,#1090,#1101,.T.);
#1099 = VERTEX_POINT('',#1100);
#1100 = CARTESIAN_POINT('',(15.76,63.5,0.));
#1101 = LINE('',#1102,#1103);
#1102 = CARTESIAN_POINT('',(15.76,63.5,0.));
#1103 = VECTOR('',#1104,1.);
#1104 = DIRECTION('',(0.,0.,1.));
#1105 = ORIENTED_EDGE('',*,*,#1106,.T.);
#1106 = EDGE_CURVE('',#1099,#1099,#1107,.T.);
#1107 = CIRCLE('',#1108,4.76);
#1108 = AXIS2_PLACEMENT_3D('',#1109,#1110,#1111);
#1109 = CARTESIAN_POINT('',(11.,63.5,0.));
#1110 = DIRECTION('',(0.,0.,1.));
#1111 = DIRECTION('',(1.,0.,-0.));
#1112 = ORIENTED_EDGE('',*,*,#1098,.T.);
#1113 = CYLINDRICAL_SURFACE('',#1114,4.76);
#1114 = AXIS2_PLACEMENT_3D('',#1115,#1116,#1117);
#1115 = CARTESIAN_POINT('',(11.,63.5,0.));
#1116 = DIRECTION('',(0.,0.,1.));
#1117 = DIRECTION('',(1.,0.,-0.));
#1118 = ADVANCED_FACE('',(#1119,#1122),#1133,.T.);
#1119 = FACE_BOUND('',#1120,.T.);
#1120 = EDGE_LOOP('',(#1121));
#1121 = ORIENTED_EDGE('',*,*,#1089,.T.);
#1122 = FACE_BOUND('',#1123,.T.);
#1123 = EDGE_LOOP('',(#1124));
#1124 = ORIENTED_EDGE('',*,*,#1125,.F.);
#1125 = EDGE_CURVE('',#1126,#1126,#1128,.T.);
#1126 = VERTEX_POINT('',#1127);
#1127 = CARTESIAN_POINT('',(15.11,63.5,100.));
#1128 = CIRCLE('',#1129,4.11);
#1129 = AXIS2_PLACEMENT_3D('',#1130,#1131,#1132);
#1130 = CARTESIAN_POINT('',(11.,63.5,100.));
#1131 = DIRECTION('',(0.,0.,1.));
#1132 = DIRECTION('',(1.,0.,-0.));
#1133 = PLANE('',#1134);
#1134 = AXIS2_PLACEMENT_3D('',#1135,#1136,#1137);
#1135 = CARTESIAN_POINT('',(11.,63.5,100.));
#1136 = DIRECTION('',(0.,0.,1.));
#1137 = DIRECTION('',(1.,0.,-0.));
#1138 = ADVANCED_FACE('',(#1139,#1142),#1153,.F.);
#1139 = FACE_BOUND('',#1140,.F.);
#1140 = EDGE_LOOP('',(#1141));
#1141 = ORIENTED_EDGE('',*,*,#1106,.T.);
#1142 = FACE_BOUND('',#1143,.F.);
#1143 = EDGE_LOOP('',(#1144));
#1144 = ORIENTED_EDGE('',*,*,#1145,.F.);
#1145 = EDGE_CURVE('',#1146,#1146,#1148,.T.);
#1146 = VERTEX_POINT('',#1147);
#1147 = CARTESIAN_POINT('',(15.11,63.5,0.));
#1148 = CIRCLE('',#1149,4.11);
#1149 = AXIS2_PLACEMENT_3D('',#1150,#1151,#1152);
#1150 = CARTESIAN_POINT('',(11.,63.5,0.));
#1151 = DIRECTION('',(0.,0.,1.));
#1152 = DIRECTION('',(1.,0.,-0.));
#1153 = PLANE('',#1154);
#1154 = AXIS2_PLACEMENT_3D('',#1155,#1156,#1157);
#1155 = CARTESIAN_POINT('',(11.,63.5,0.));
#1156 = DIRECTION('',(0.,0.,1.));
#1157 = DIRECTION('',(1.,0.,-0.));
#1158 = ADVANCED_FACE('',(#1159),#1170,.F.);
#1159 = FACE_BOUND('',#1160,.F.);
#1160 = EDGE_LOOP('',(#1161,#1162,#1168,#1169));
#1161 = ORIENTED_EDGE('',*,*,#1125,.F.);
#1162 = ORIENTED_EDGE('',*,*,#1163,.F.);
#1163 = EDGE_CURVE('',#1146,#1126,#1164,.T.);
#1164 = LINE('',#1165,#1166);
#1165 = CARTESIAN_POINT('',(15.11,63.5,0.));
#1166 = VECTOR('',#1167,1.);
#1167 = DIRECTION('',(0.,0.,1.));
#1168 = ORIENTED_EDGE('',*,*,#1145,.T.);
#1169 = ORIENTED_EDGE('',*,*,#1163,.T.);
#1170 = CYLINDRICAL_SURFACE('',#1171,4.11);
#1171 = AXIS2_PLACEMENT_3D('',#1172,#1173,#1174);
#1172 = CARTESIAN_POINT('',(11.,63.5,0.));
#1173 = DIRECTION('',(0.,0.,1.));
#1174 = DIRECTION('',(1.,0.,-0.));
#1175 = ( GEOMETRIC_REPRESENTATION_CONTEXT(3) 
GLOBAL_UNCERTAINTY_ASSIGNED_CONTEXT((#1179)) 
GLOBAL_UNIT_ASSIGNED_CONTEXT((#1176,#1177,#1178)) REPRESENTATION_CONTEXT
('Context #1','3D Context with UNIT and UNCERTAINTY') );
#1176 = ( LENGTH_UNIT() NAMED_UNIT(*) SI_UNIT(.MILLI.,.METRE.) );
#1177 = ( NAMED_UNIT(*) PLANE_ANGLE_UNIT() SI_UNIT($,.RADIAN.) );
#1178 = ( NAMED_UNIT(*) SI_UNIT($,.STERADIAN.) SOLID_ANGLE_UNIT() );
#1179 = UNCERTAINTY_MEASURE_WITH_UNIT(LENGTH_MEASURE(1.E-07),#1176,
  'distance_accuracy_value','confusion accuracy');
#1180 = CONTEXT_DEPENDENT_SHAPE_REPRESENTATION(#1181,#1183);
#1181 = ( REPRESENTATION_RELATIONSHIP('','',#1082,#10) 
REPRESENTATION_RELATIONSHIP_WITH_TRANSFORMATION(#1182) 
SHAPE_REPRESENTATION_RELATIONSHIP() );
#1182 = ITEM_DEFINED_TRANSFORMATION('','',#11,#43);
#1183 = PRODUCT_DEFINITION_SHAPE('Placement','Placement of an item',
  #1184);
#1184 = NEXT_ASSEMBLY_USAGE_OCCURRENCE('16','solid_tube_r01t03','',#5,
  #1077,$);
#1185 = PRODUCT_RELATED_PRODUCT_CATEGORY('part',$,(#1079));
#1186 = SHAPE_DEFINITION_REPRESENTATION(#1187,#1193);
#1187 = PRODUCT_DEFINITION_SHAPE('','',#1188);
#1188 = PRODUCT_DEFINITION('design','',#1189,#1192);
#1189 = PRODUCT_DEFINITION_FORMATION('','',#1190);
#1190 = PRODUCT('fluid_ref_r01t03','fluid_ref_r01t03','',(#1191));
#1191 = PRODUCT_CONTEXT('',#2,'mechanical');
#1192 = PRODUCT_DEFINITION_CONTEXT('part definition',#2,'design');
#1193 = ADVANCED_BREP_SHAPE_REPRESENTATION('',(#11,#1194),#1247);
#1194 = MANIFOLD_SOLID_BREP('',#1195);
#1195 = CLOSED_SHELL('',(#1196,#1229,#1238));
#1196 = ADVANCED_FACE('',(#1197),#1224,.T.);
#1197 = FACE_BOUND('',#1198,.T.);
#1198 = EDGE_LOOP('',(#1199,#1208,#1216,#1223));
#1199 = ORIENTED_EDGE('',*,*,#1200,.F.);
#1200 = EDGE_CURVE('',#1201,#1201,#1203,.T.);
#1201 = VERTEX_POINT('',#1202);
#1202 = CARTESIAN_POINT('',(15.11,63.5,100.));
#1203 = CIRCLE('',#1204,4.11);
#1204 = AXIS2_PLACEMENT_3D('',#1205,#1206,#1207);
#1205 = CARTESIAN_POINT('',(11.,63.5,100.));
#1206 = DIRECTION('',(0.,0.,1.));
#1207 = DIRECTION('',(1.,0.,-0.));
#1208 = ORIENTED_EDGE('',*,*,#1209,.F.);
#1209 = EDGE_CURVE('',#1210,#1201,#1212,.T.);
#1210 = VERTEX_POINT('',#1211);
#1211 = CARTESIAN_POINT('',(15.11,63.5,0.));
#1212 = LINE('',#1213,#1214);
#1213 = CARTESIAN_POINT('',(15.11,63.5,0.));
#1214 = VECTOR('',#1215,1.);
#1215 = DIRECTION('',(0.,0.,1.));
#1216 = ORIENTED_EDGE('',*,*,#1217,.T.);
#1217 = EDGE_CURVE('',#1210,#1210,#1218,.T.);
#1218 = CIRCLE('',#1219,4.11);
#1219 = AXIS2_PLACEMENT_3D('',#1220,#1221,#1222);
#1220 = CARTESIAN_POINT('',(11.,63.5,0.));
#1221 = DIRECTION('',(0.,0.,1.));
#1222 = DIRECTION('',(1.,0.,-0.));
#1223 = ORIENTED_EDGE('',*,*,#1209,.T.);
#1224 = CYLINDRICAL_SURFACE('',#1225,4.11);
#1225 = AXIS2_PLACEMENT_3D('',#1226,#1227,#1228);
#1226 = CARTESIAN_POINT('',(11.,63.5,0.));
#1227 = DIRECTION('',(0.,0.,1.));
#1228 = DIRECTION('',(1.,0.,-0.));
#1229 = ADVANCED_FACE('',(#1230),#1233,.T.);
#1230 = FACE_BOUND('',#1231,.T.);
#1231 = EDGE_LOOP('',(#1232));
#1232 = ORIENTED_EDGE('',*,*,#1200,.T.);
#1233 = PLANE('',#1234);
#1234 = AXIS2_PLACEMENT_3D('',#1235,#1236,#1237);
#1235 = CARTESIAN_POINT('',(11.,63.5,100.));
#1236 = DIRECTION('',(0.,0.,1.));
#1237 = DIRECTION('',(1.,0.,-0.));
#1238 = ADVANCED_FACE('',(#1239),#1242,.F.);
#1239 = FACE_BOUND('',#1240,.T.);
#1240 = EDGE_LOOP('',(#1241));
#1241 = ORIENTED_EDGE('',*,*,#1217,.F.);
#1242 = PLANE('',#1243);
#1243 = AXIS2_PLACEMENT_3D('',#1244,#1245,#1246);
#1244 = CARTESIAN_POINT('',(11.,63.5,0.));
#1245 = DIRECTION('',(0.,0.,1.));
#1246 = DIRECTION('',(1.,0.,-0.));
#1247 = ( GEOMETRIC_REPRESENTATION_CONTEXT(3) 
GLOBAL_UNCERTAINTY_ASSIGNED_CONTEXT((#1251)) 
GLOBAL_UNIT_ASSIGNED_CONTEXT((#1248,#1249,#1250)) REPRESENTATION_CONTEXT
('Context #1','3D Context with UNIT and UNCERTAINTY') );
#1248 = ( LENGTH_UNIT() NAMED_UNIT(*) SI_UNIT(.MILLI.,.METRE.) );
#1249 = ( NAMED_UNIT(*) PLANE_ANGLE_UNIT() SI_UNIT($,.RADIAN.) );
#1250 = ( NAMED_UNIT(*) SI_UNIT($,.STERADIAN.) SOLID_ANGLE_UNIT() );
#1251 = UNCERTAINTY_MEASURE_WITH_UNIT(LENGTH_MEASURE(1.E-07),#1248,
  'distance_accuracy_value','confusion accuracy');
#1252 = CONTEXT_DEPENDENT_SHAPE_REPRESENTATION(#1253,#1255);
#1253 = ( REPRESENTATION_RELATIONSHIP('','',#1193,#10) 
REPRESENTATION_RELATIONSHIP_WITH_TRANSFORMATION(#1254) 
SHAPE_REPRESENTATION_RELATIONSHIP() );
#1254 = ITEM_DEFINED_TRANSFORMATION('','',#11,#47);
#1255 = PRODUCT_DEFINITION_SHAPE('Placement','Placement of an item',
  #1256);
#1256 = NEXT_ASSEMBLY_USAGE_OCCURRENCE('17','fluid_ref_r01t03','',#5,
  #1188,$);
#1257 = PRODUCT_RELATED_PRODUCT_CATEGORY('part',$,(#1190));
#1258 = SHAPE_DEFINITION_REPRESENTATION(#1259,#1265);
#1259 = PRODUCT_DEFINITION_SHAPE('','',#1260);
#1260 = PRODUCT_DEFINITION('design','',#1261,#1264);
#1261 = PRODUCT_DEFINITION_FORMATION('','',#1262);
#1262 = PRODUCT('solid_bend_c01_k01','solid_bend_c01_k01','',(#1263));
#1263 = PRODUCT_CONTEXT('',#2,'mechanical');
#1264 = PRODUCT_DEFINITION_CONTEXT('part definition',#2,'design');
#1265 = ADVANCED_BREP_SHAPE_REPRESENTATION('',(#11,#1266),#1412);
#1266 = MANIFOLD_SOLID_BREP('',#1267);
#1267 = CLOSED_SHELL('',(#1268,#1302,#1322,#1348,#1374,#1394));
#1268 = ADVANCED_FACE('',(#1269),#1297,.T.);
#1269 = FACE_BOUND('',#1270,.T.);
#1270 = EDGE_LOOP('',(#1271,#1280,#1289,#1296));
#1271 = ORIENTED_EDGE('',*,*,#1272,.T.);
#1272 = EDGE_CURVE('',#1273,#1273,#1275,.T.);
#1273 = VERTEX_POINT('',#1274);
#1274 = CARTESIAN_POINT('',(11.,7.94,100.));
#1275 = CIRCLE('',#1276,4.76);
#1276 = AXIS2_PLACEMENT_3D('',#1277,#1278,#1279);
#1277 = CARTESIAN_POINT('',(11.,12.7,100.));
#1278 = DIRECTION('',(-0.,0.,1.));
#1279 = DIRECTION('',(1.,-1.110223024625E-16,0.));
#1280 = ORIENTED_EDGE('',*,*,#1281,.T.);
#1281 = EDGE_CURVE('',#1273,#1282,#1284,.T.);
#1282 = VERTEX_POINT('',#1283);
#1283 = CARTESIAN_POINT('',(11.,25.4,117.46));
#1284 = CIRCLE('',#1285,17.46);
#1285 = AXIS2_PLACEMENT_3D('',#1286,#1287,#1288);
#1286 = CARTESIAN_POINT('',(11.,25.4,100.));
#1287 = DIRECTION('',(-1.,1.110223024625E-16,0.));
#1288 = DIRECTION('',(0.,0.,1.));
#1289 = ORIENTED_EDGE('',*,*,#1290,.T.);
#1290 = EDGE_CURVE('',#1282,#1282,#1291,.T.);
#1291 = CIRCLE('',#1292,4.76);
#1292 = AXIS2_PLACEMENT_3D('',#1293,#1294,#1295);
#1293 = CARTESIAN_POINT('',(11.,25.4,112.7));
#1294 = DIRECTION('',(-1.110223024625E-16,-1.,-2.449293598295E-16));
#1295 = DIRECTION('',(-2.719262146894E-32,-2.449293598295E-16,1.));
#1296 = ORIENTED_EDGE('',*,*,#1281,.F.);
#1297 = TOROIDAL_SURFACE('',#1298,12.7,4.76);
#1298 = AXIS2_PLACEMENT_3D('',#1299,#1300,#1301);
#1299 = CARTESIAN_POINT('',(11.,25.4,100.));
#1300 = DIRECTION('',(-1.,1.110223024625E-16,0.));
#1301 = DIRECTION('',(0.,0.,1.));
#1302 = ADVANCED_FACE('',(#1303,#1306),#1317,.F.);
#1303 = FACE_BOUND('',#1304,.F.);
#1304 = EDGE_LOOP('',(#1305));
#1305 = ORIENTED_EDGE('',*,*,#1272,.T.);
#1306 = FACE_BOUND('',#1307,.F.);
#1307 = EDGE_LOOP('',(#1308));
#1308 = ORIENTED_EDGE('',*,*,#1309,.F.);
#1309 = EDGE_CURVE('',#1310,#1310,#1312,.T.);
#1310 = VERTEX_POINT('',#1311);
#1311 = CARTESIAN_POINT('',(11.,8.59,100.));
#1312 = CIRCLE('',#1313,4.11);
#1313 = AXIS2_PLACEMENT_3D('',#1314,#1315,#1316);
#1314 = CARTESIAN_POINT('',(11.,12.7,100.));
#1315 = DIRECTION('',(-0.,0.,1.));
#1316 = DIRECTION('',(1.,-1.110223024625E-16,0.));
#1317 = PLANE('',#1318);
#1318 = AXIS2_PLACEMENT_3D('',#1319,#1320,#1321);
#1319 = CARTESIAN_POINT('',(29.46,6.94,100.));
#1320 = DIRECTION('',(0.,0.,1.));
#1321 = DIRECTION('',(1.110223024625E-16,1.,0.));
#1322 = ADVANCED_FACE('',(#1323),#1343,.T.);
#1323 = FACE_BOUND('',#1324,.T.);
#1324 = EDGE_LOOP('',(#1325,#1334,#1341,#1342));
#1325 = ORIENTED_EDGE('',*,*,#1326,.T.);
#1326 = EDGE_CURVE('',#1327,#1327,#1329,.T.);
#1327 = VERTEX_POINT('',#1328);
#1328 = CARTESIAN_POINT('',(11.,42.86,100.));
#1329 = CIRCLE('',#1330,4.76);
#1330 = AXIS2_PLACEMENT_3D('',#1331,#1332,#1333);
#1331 = CARTESIAN_POINT('',(11.,38.1,100.));
#1332 = DIRECTION('',(-0.,0.,1.));
#1333 = DIRECTION('',(1.,-1.110223024625E-16,0.));
#1334 = ORIENTED_EDGE('',*,*,#1335,.F.);
#1335 = EDGE_CURVE('',#1282,#1327,#1336,.T.);
#1336 = CIRCLE('',#1337,17.46);
#1337 = AXIS2_PLACEMENT_3D('',#1338,#1339,#1340);
#1338 = CARTESIAN_POINT('',(11.,25.4,100.));
#1339 = DIRECTION('',(-1.,1.110223024625E-16,0.));
#1340 = DIRECTION('',(0.,0.,1.));
#1341 = ORIENTED_EDGE('',*,*,#1290,.F.);
#1342 = ORIENTED_EDGE('',*,*,#1335,.T.);
#1343 = TOROIDAL_SURFACE('',#1344,12.7,4.76);
#1344 = AXIS2_PLACEMENT_3D('',#1345,#1346,#1347);
#1345 = CARTESIAN_POINT('',(11.,25.4,100.));
#1346 = DIRECTION('',(-1.,1.110223024625E-16,0.));
#1347 = DIRECTION('',(0.,0.,1.));
#1348 = ADVANCED_FACE('',(#1349),#1369,.F.);
#1349 = FACE_BOUND('',#1350,.F.);
#1350 = EDGE_LOOP('',(#1351,#1352,#1361,#1368));
#1351 = ORIENTED_EDGE('',*,*,#1309,.T.);
#1352 = ORIENTED_EDGE('',*,*,#1353,.T.);
#1353 = EDGE_CURVE('',#1310,#1354,#1356,.T.);
#1354 = VERTEX_POINT('',#1355);
#1355 = CARTESIAN_POINT('',(11.,25.4,116.81));
#1356 = CIRCLE('',#1357,16.81);
#1357 = AXIS2_PLACEMENT_3D('',#1358,#1359,#1360);
#1358 = CARTESIAN_POINT('',(11.,25.4,100.));
#1359 = DIRECTION('',(-1.,1.110223024625E-16,0.));
#1360 = DIRECTION('',(0.,0.,1.));
#1361 = ORIENTED_EDGE('',*,*,#1362,.T.);
#1362 = EDGE_CURVE('',#1354,#1354,#1363,.T.);
#1363 = CIRCLE('',#1364,4.11);
#1364 = AXIS2_PLACEMENT_3D('',#1365,#1366,#1367);
#1365 = CARTESIAN_POINT('',(11.,25.4,112.7));
#1366 = DIRECTION('',(-1.110223024625E-16,-1.,-2.449293598295E-16));
#1367 = DIRECTION('',(-2.719262146894E-32,-2.449293598295E-16,1.));
#1368 = ORIENTED_EDGE('',*,*,#1353,.F.);
#1369 = TOROIDAL_SURFACE('',#1370,12.7,4.11);
#1370 = AXIS2_PLACEMENT_3D('',#1371,#1372,#1373);
#1371 = CARTESIAN_POINT('',(11.,25.4,100.));
#1372 = DIRECTION('',(-1.,1.110223024625E-16,0.));
#1373 = DIRECTION('',(0.,0.,1.));
#1374 = ADVANCED_FACE('',(#1375,#1378),#1389,.F.);
#1375 = FACE_BOUND('',#1376,.F.);
#1376 = EDGE_LOOP('',(#1377));
#1377 = ORIENTED_EDGE('',*,*,#1326,.T.);
#1378 = FACE_BOUND('',#1379,.F.);
#1379 = EDGE_LOOP('',(#1380));
#1380 = ORIENTED_EDGE('',*,*,#1381,.F.);
#1381 = EDGE_CURVE('',#1382,#1382,#1384,.T.);
#1382 = VERTEX_POINT('',#1383);
#1383 = CARTESIAN_POINT('',(11.,42.21,100.));
#1384 = CIRCLE('',#1385,4.11);
#1385 = AXIS2_PLACEMENT_3D('',#1386,#1387,#1388);
#1386 = CARTESIAN_POINT('',(11.,38.1,100.));
#1387 = DIRECTION('',(-0.,0.,1.));
#1388 = DIRECTION('',(1.,-1.110223024625E-16,0.));
#1389 = PLANE('',#1390);
#1390 = AXIS2_PLACEMENT_3D('',#1391,#1392,#1393);
#1391 = CARTESIAN_POINT('',(29.46,25.4,100.));
#1392 = DIRECTION('',(0.,0.,1.));
#1393 = DIRECTION('',(1.110223024625E-16,1.,0.));
#1394 = ADVANCED_FACE('',(#1395),#1407,.F.);
#1395 = FACE_BOUND('',#1396,.F.);
#1396 = EDGE_LOOP('',(#1397,#1398,#1405,#1406));
#1397 = ORIENTED_EDGE('',*,*,#1381,.T.);
#1398 = ORIENTED_EDGE('',*,*,#1399,.F.);
#1399 = EDGE_CURVE('',#1354,#1382,#1400,.T.);
#1400 = CIRCLE('',#1401,16.81);
#1401 = AXIS2_PLACEMENT_3D('',#1402,#1403,#1404);
#1402 = CARTESIAN_POINT('',(11.,25.4,100.));
#1403 = DIRECTION('',(-1.,1.110223024625E-16,0.));
#1404 = DIRECTION('',(0.,0.,1.));
#1405 = ORIENTED_EDGE('',*,*,#1362,.F.);
#1406 = ORIENTED_EDGE('',*,*,#1399,.T.);
#1407 = TOROIDAL_SURFACE('',#1408,12.7,4.11);
#1408 = AXIS2_PLACEMENT_3D('',#1409,#1410,#1411);
#1409 = CARTESIAN_POINT('',(11.,25.4,100.));
#1410 = DIRECTION('',(-1.,1.110223024625E-16,0.));
#1411 = DIRECTION('',(0.,0.,1.));
#1412 = ( GEOMETRIC_REPRESENTATION_CONTEXT(3) 
GLOBAL_UNCERTAINTY_ASSIGNED_CONTEXT((#1416)) 
GLOBAL_UNIT_ASSIGNED_CONTEXT((#1413,#1414,#1415)) REPRESENTATION_CONTEXT
('Context #1','3D Context with UNIT and UNCERTAINTY') );
#1413 = ( LENGTH_UNIT() NAMED_UNIT(*) SI_UNIT(.MILLI.,.METRE.) );
#1414 = ( NAMED_UNIT(*) PLANE_ANGLE_UNIT() SI_UNIT($,.RADIAN.) );
#1415 = ( NAMED_UNIT(*) SI_UNIT($,.STERADIAN.) SOLID_ANGLE_UNIT() );
#1416 = UNCERTAINTY_MEASURE_WITH_UNIT(LENGTH_MEASURE(1.E-07),#1413,
  'distance_accuracy_value','confusion accuracy');
#1417 = CONTEXT_DEPENDENT_SHAPE_REPRESENTATION(#1418,#1420);
#1418 = ( REPRESENTATION_RELATIONSHIP('','',#1265,#10) 
REPRESENTATION_RELATIONSHIP_WITH_TRANSFORMATION(#1419) 
SHAPE_REPRESENTATION_RELATIONSHIP() );
#1419 = ITEM_DEFINED_TRANSFORMATION('','',#11,#51);
#1420 = PRODUCT_DEFINITION_SHAPE('Placement','Placement of an item',
  #1421);
#1421 = NEXT_ASSEMBLY_USAGE_OCCURRENCE('18','solid_bend_c01_k01','',#5,
  #1260,$);
#1422 = PRODUCT_RELATED_PRODUCT_CATEGORY('part',$,(#1262));
#1423 = SHAPE_DEFINITION_REPRESENTATION(#1424,#1430);
#1424 = PRODUCT_DEFINITION_SHAPE('','',#1425);
#1425 = PRODUCT_DEFINITION('design','',#1426,#1429);
#1426 = PRODUCT_DEFINITION_FORMATION('','',#1427);
#1427 = PRODUCT('fluid_bend_c01_k01','fluid_bend_c01_k01','',(#1428));
#1428 = PRODUCT_CONTEXT('',#2,'mechanical');
#1429 = PRODUCT_DEFINITION_CONTEXT('part definition',#2,'design');
#1430 = ADVANCED_BREP_SHAPE_REPRESENTATION('',(#11,#1431),#1511);
#1431 = MANIFOLD_SOLID_BREP('',#1432);
#1432 = CLOSED_SHELL('',(#1433,#1467,#1493,#1502));
#1433 = ADVANCED_FACE('',(#1434),#1462,.T.);
#1434 = FACE_BOUND('',#1435,.T.);
#1435 = EDGE_LOOP('',(#1436,#1445,#1454,#1461));
#1436 = ORIENTED_EDGE('',*,*,#1437,.T.);
#1437 = EDGE_CURVE('',#1438,#1438,#1440,.T.);
#1438 = VERTEX_POINT('',#1439);
#1439 = CARTESIAN_POINT('',(11.,8.59,100.));
#1440 = CIRCLE('',#1441,4.11);
#1441 = AXIS2_PLACEMENT_3D('',#1442,#1443,#1444);
#1442 = CARTESIAN_POINT('',(11.,12.7,100.));
#1443 = DIRECTION('',(-0.,0.,1.));
#1444 = DIRECTION('',(1.,-1.110223024625E-16,0.));
#1445 = ORIENTED_EDGE('',*,*,#1446,.T.);
#1446 = EDGE_CURVE('',#1438,#1447,#1449,.T.);
#1447 = VERTEX_POINT('',#1448);
#1448 = CARTESIAN_POINT('',(11.,25.4,116.81));
#1449 = CIRCLE('',#1450,16.81);
#1450 = AXIS2_PLACEMENT_3D('',#1451,#1452,#1453);
#1451 = CARTESIAN_POINT('',(11.,25.4,100.));
#1452 = DIRECTION('',(-1.,1.110223024625E-16,0.));
#1453 = DIRECTION('',(0.,0.,1.));
#1454 = ORIENTED_EDGE('',*,*,#1455,.T.);
#1455 = EDGE_CURVE('',#1447,#1447,#1456,.T.);
#1456 = CIRCLE('',#1457,4.11);
#1457 = AXIS2_PLACEMENT_3D('',#1458,#1459,#1460);
#1458 = CARTESIAN_POINT('',(11.,25.4,112.7));
#1459 = DIRECTION('',(-1.110223024625E-16,-1.,-2.449293598295E-16));
#1460 = DIRECTION('',(-2.719262146894E-32,-2.449293598295E-16,1.));
#1461 = ORIENTED_EDGE('',*,*,#1446,.F.);
#1462 = TOROIDAL_SURFACE('',#1463,12.7,4.11);
#1463 = AXIS2_PLACEMENT_3D('',#1464,#1465,#1466);
#1464 = CARTESIAN_POINT('',(11.,25.4,100.));
#1465 = DIRECTION('',(-1.,1.110223024625E-16,0.));
#1466 = DIRECTION('',(0.,0.,1.));
#1467 = ADVANCED_FACE('',(#1468),#1488,.T.);
#1468 = FACE_BOUND('',#1469,.T.);
#1469 = EDGE_LOOP('',(#1470,#1479,#1486,#1487));
#1470 = ORIENTED_EDGE('',*,*,#1471,.T.);
#1471 = EDGE_CURVE('',#1472,#1472,#1474,.T.);
#1472 = VERTEX_POINT('',#1473);
#1473 = CARTESIAN_POINT('',(11.,42.21,100.));
#1474 = CIRCLE('',#1475,4.11);
#1475 = AXIS2_PLACEMENT_3D('',#1476,#1477,#1478);
#1476 = CARTESIAN_POINT('',(11.,38.1,100.));
#1477 = DIRECTION('',(-0.,0.,1.));
#1478 = DIRECTION('',(1.,-1.110223024625E-16,0.));
#1479 = ORIENTED_EDGE('',*,*,#1480,.F.);
#1480 = EDGE_CURVE('',#1447,#1472,#1481,.T.);
#1481 = CIRCLE('',#1482,16.81);
#1482 = AXIS2_PLACEMENT_3D('',#1483,#1484,#1485);
#1483 = CARTESIAN_POINT('',(11.,25.4,100.));
#1484 = DIRECTION('',(-1.,1.110223024625E-16,0.));
#1485 = DIRECTION('',(0.,0.,1.));
#1486 = ORIENTED_EDGE('',*,*,#1455,.F.);
#1487 = ORIENTED_EDGE('',*,*,#1480,.T.);
#1488 = TOROIDAL_SURFACE('',#1489,12.7,4.11);
#1489 = AXIS2_PLACEMENT_3D('',#1490,#1491,#1492);
#1490 = CARTESIAN_POINT('',(11.,25.4,100.));
#1491 = DIRECTION('',(-1.,1.110223024625E-16,0.));
#1492 = DIRECTION('',(0.,0.,1.));
#1493 = ADVANCED_FACE('',(#1494),#1497,.F.);
#1494 = FACE_BOUND('',#1495,.F.);
#1495 = EDGE_LOOP('',(#1496));
#1496 = ORIENTED_EDGE('',*,*,#1437,.T.);
#1497 = PLANE('',#1498);
#1498 = AXIS2_PLACEMENT_3D('',#1499,#1500,#1501);
#1499 = CARTESIAN_POINT('',(28.81,7.59,100.));
#1500 = DIRECTION('',(0.,0.,1.));
#1501 = DIRECTION('',(1.110223024625E-16,1.,0.));
#1502 = ADVANCED_FACE('',(#1503),#1506,.F.);
#1503 = FACE_BOUND('',#1504,.F.);
#1504 = EDGE_LOOP('',(#1505));
#1505 = ORIENTED_EDGE('',*,*,#1471,.T.);
#1506 = PLANE('',#1507);
#1507 = AXIS2_PLACEMENT_3D('',#1508,#1509,#1510);
#1508 = CARTESIAN_POINT('',(28.81,25.4,100.));
#1509 = DIRECTION('',(0.,0.,1.));
#1510 = DIRECTION('',(1.110223024625E-16,1.,0.));
#1511 = ( GEOMETRIC_REPRESENTATION_CONTEXT(3) 
GLOBAL_UNCERTAINTY_ASSIGNED_CONTEXT((#1515)) 
GLOBAL_UNIT_ASSIGNED_CONTEXT((#1512,#1513,#1514)) REPRESENTATION_CONTEXT
('Context #1','3D Context with UNIT and UNCERTAINTY') );
#1512 = ( LENGTH_UNIT() NAMED_UNIT(*) SI_UNIT(.MILLI.,.METRE.) );
#1513 = ( NAMED_UNIT(*) PLANE_ANGLE_UNIT() SI_UNIT($,.RADIAN.) );
#1514 = ( NAMED_UNIT(*) SI_UNIT($,.STERADIAN.) SOLID_ANGLE_UNIT() );
#1515 = UNCERTAINTY_MEASURE_WITH_UNIT(LENGTH_MEASURE(1.E-07),#1512,
  'distance_accuracy_value','confusion accuracy');
#1516 = CONTEXT_DEPENDENT_SHAPE_REPRESENTATION(#1517,#1519);
#1517 = ( REPRESENTATION_RELATIONSHIP('','',#1430,#10) 
REPRESENTATION_RELATIONSHIP_WITH_TRANSFORMATION(#1518) 
SHAPE_REPRESENTATION_RELATIONSHIP() );
#1518 = ITEM_DEFINED_TRANSFORMATION('','',#11,#55);
#1519 = PRODUCT_DEFINITION_SHAPE('Placement','Placement of an item',
  #1520);
#1520 = NEXT_ASSEMBLY_USAGE_OCCURRENCE('19','fluid_bend_c01_k01','',#5,
  #1425,$);
#1521 = PRODUCT_RELATED_PRODUCT_CATEGORY('part',$,(#1427));
#1522 = SHAPE_DEFINITION_REPRESENTATION(#1523,#1529);
#1523 = PRODUCT_DEFINITION_SHAPE('','',#1524);
#1524 = PRODUCT_DEFINITION('design','',#1525,#1528);
#1525 = PRODUCT_DEFINITION_FORMATION('','',#1526);
#1526 = PRODUCT('solid_bend_c01_k02','solid_bend_c01_k02','',(#1527));
#1527 = PRODUCT_CONTEXT('',#2,'mechanical');
#1528 = PRODUCT_DEFINITION_CONTEXT('part definition',#2,'design');
#1529 = ADVANCED_BREP_SHAPE_REPRESENTATION('',(#11,#1530),#1676);
#1530 = MANIFOLD_SOLID_BREP('',#1531);
#1531 = CLOSED_SHELL('',(#1532,#1566,#1586,#1612,#1638,#1658));
#1532 = ADVANCED_FACE('',(#1533),#1561,.T.);
#1533 = FACE_BOUND('',#1534,.T.);
#1534 = EDGE_LOOP('',(#1535,#1544,#1553,#1560));
#1535 = ORIENTED_EDGE('',*,*,#1536,.T.);
#1536 = EDGE_CURVE('',#1537,#1537,#1539,.T.);
#1537 = VERTEX_POINT('',#1538);
#1538 = CARTESIAN_POINT('',(11.,33.34,3.207349966967E-15));
#1539 = CIRCLE('',#1540,4.76);
#1540 = AXIS2_PLACEMENT_3D('',#1541,#1542,#1543);
#1541 = CARTESIAN_POINT('',(11.,38.1,0.));
#1542 = DIRECTION('',(1.224646799147E-16,-1.359631073447E-32,-1.));
#1543 = DIRECTION('',(-1.,1.110223024625E-16,-1.224646799147E-16));
#1544 = ORIENTED_EDGE('',*,*,#1545,.T.);
#1545 = EDGE_CURVE('',#1537,#1546,#1548,.T.);
#1546 = VERTEX_POINT('',#1547);
#1547 = CARTESIAN_POINT('',(11.,50.8,-17.46));
#1548 = CIRCLE('',#1549,17.46);
#1549 = AXIS2_PLACEMENT_3D('',#1550,#1551,#1552);
#1550 = CARTESIAN_POINT('',(11.,50.8,-1.427771313094E-31));
#1551 = DIRECTION('',(1.,-1.110223024625E-16,1.224646799147E-16));
#1552 = DIRECTION('',(1.224646799147E-16,-1.359631073447E-32,-1.));
#1553 = ORIENTED_EDGE('',*,*,#1554,.T.);
#1554 = EDGE_CURVE('',#1546,#1546,#1555,.T.);
#1555 = CIRCLE('',#1556,4.76);
#1556 = AXIS2_PLACEMENT_3D('',#1557,#1558,#1559);
#1557 = CARTESIAN_POINT('',(11.,50.8,-12.7));
#1558 = DIRECTION('',(-1.110223024625E-16,-1.,2.449293598295E-16));
#1559 = DIRECTION('',(1.224646799147E-16,-2.449293598295E-16,-1.));
#1560 = ORIENTED_EDGE('',*,*,#1545,.F.);
#1561 = TOROIDAL_SURFACE('',#1562,12.7,4.76);
#1562 = AXIS2_PLACEMENT_3D('',#1563,#1564,#1565);
#1563 = CARTESIAN_POINT('',(11.,50.8,0.));
#1564 = DIRECTION('',(1.,-1.110223024625E-16,1.224646799147E-16));
#1565 = DIRECTION('',(1.224646799147E-16,-1.359631073447E-32,-1.));
#1566 = ADVANCED_FACE('',(#1567,#1570),#1581,.F.);
#1567 = FACE_BOUND('',#1568,.F.);
#1568 = EDGE_LOOP('',(#1569));
#1569 = ORIENTED_EDGE('',*,*,#1536,.T.);
#1570 = FACE_BOUND('',#1571,.F.);
#1571 = EDGE_LOOP('',(#1572));
#1572 = ORIENTED_EDGE('',*,*,#1573,.F.);
#1573 = EDGE_CURVE('',#1574,#1574,#1576,.T.);
#1574 = VERTEX_POINT('',#1575);
#1575 = CARTESIAN_POINT('',(11.,33.99,3.08794690405E-15));
#1576 = CIRCLE('',#1577,4.11);
#1577 = AXIS2_PLACEMENT_3D('',#1578,#1579,#1580);
#1578 = CARTESIAN_POINT('',(11.,38.1,0.));
#1579 = DIRECTION('',(1.224646799147E-16,-1.359631073447E-32,-1.));
#1580 = DIRECTION('',(-1.,1.110223024625E-16,-1.224646799147E-16));
#1581 = PLANE('',#1582);
#1582 = AXIS2_PLACEMENT_3D('',#1583,#1584,#1585);
#1583 = CARTESIAN_POINT('',(-7.46,32.34,-2.260697991226E-15));
#1584 = DIRECTION('',(1.224646799147E-16,-1.359631073447E-32,-1.));
#1585 = DIRECTION('',(1.110223024625E-16,1.,0.));
#1586 = ADVANCED_FACE('',(#1587),#1607,.T.);
#1587 = FACE_BOUND('',#1588,.T.);
#1588 = EDGE_LOOP('',(#1589,#1598,#1605,#1606));
#1589 = ORIENTED_EDGE('',*,*,#1590,.T.);
#1590 = EDGE_CURVE('',#1591,#1591,#1593,.T.);
#1591 = VERTEX_POINT('',#1592);
#1592 = CARTESIAN_POINT('',(11.,68.26,-1.069116655656E-15));
#1593 = CIRCLE('',#1594,4.76);
#1594 = AXIS2_PLACEMENT_3D('',#1595,#1596,#1597);
#1595 = CARTESIAN_POINT('',(11.,63.5,0.));
#1596 = DIRECTION('',(1.224646799147E-16,-1.359631073447E-32,-1.));
#1597 = DIRECTION('',(-1.,1.110223024625E-16,-1.224646799147E-16));
#1598 = ORIENTED_EDGE('',*,*,#1599,.F.);
#1599 = EDGE_CURVE('',#1546,#1591,#1600,.T.);
#1600 = CIRCLE('',#1601,17.46);
#1601 = AXIS2_PLACEMENT_3D('',#1602,#1603,#1604);
#1602 = CARTESIAN_POINT('',(11.,50.8,-1.427771313094E-31));
#1603 = DIRECTION('',(1.,-1.110223024625E-16,1.224646799147E-16));
#1604 = DIRECTION('',(1.224646799147E-16,-1.359631073447E-32,-1.));
#1605 = ORIENTED_EDGE('',*,*,#1554,.F.);
#1606 = ORIENTED_EDGE('',*,*,#1599,.T.);
#1607 = TOROIDAL_SURFACE('',#1608,12.7,4.76);
#1608 = AXIS2_PLACEMENT_3D('',#1609,#1610,#1611);
#1609 = CARTESIAN_POINT('',(11.,50.8,0.));
#1610 = DIRECTION('',(1.,-1.110223024625E-16,1.224646799147E-16));
#1611 = DIRECTION('',(1.224646799147E-16,-1.359631073447E-32,-1.));
#1612 = ADVANCED_FACE('',(#1613),#1633,.F.);
#1613 = FACE_BOUND('',#1614,.F.);
#1614 = EDGE_LOOP('',(#1615,#1616,#1625,#1632));
#1615 = ORIENTED_EDGE('',*,*,#1573,.T.);
#1616 = ORIENTED_EDGE('',*,*,#1617,.T.);
#1617 = EDGE_CURVE('',#1574,#1618,#1620,.T.);
#1618 = VERTEX_POINT('',#1619);
#1619 = CARTESIAN_POINT('',(11.,50.8,-16.81));
#1620 = CIRCLE('',#1621,16.81);
#1621 = AXIS2_PLACEMENT_3D('',#1622,#1623,#1624);
#1622 = CARTESIAN_POINT('',(11.,50.8,-1.232802541348E-31));
#1623 = DIRECTION('',(1.,-1.110223024625E-16,1.224646799147E-16));
#1624 = DIRECTION('',(1.224646799147E-16,-1.359631073447E-32,-1.));
#1625 = ORIENTED_EDGE('',*,*,#1626,.T.);
#1626 = EDGE_CURVE('',#1618,#1618,#1627,.T.);
#1627 = CIRCLE('',#1628,4.11);
#1628 = AXIS2_PLACEMENT_3D('',#1629,#1630,#1631);
#1629 = CARTESIAN_POINT('',(11.,50.8,-12.7));
#1630 = DIRECTION('',(-1.110223024625E-16,-1.,2.449293598295E-16));
#1631 = DIRECTION('',(1.224646799147E-16,-2.449293598295E-16,-1.));
#1632 = ORIENTED_EDGE('',*,*,#1617,.F.);
#1633 = TOROIDAL_SURFACE('',#1634,12.7,4.11);
#1634 = AXIS2_PLACEMENT_3D('',#1635,#1636,#1637);
#1635 = CARTESIAN_POINT('',(11.,50.8,0.));
#1636 = DIRECTION('',(1.,-1.110223024625E-16,1.224646799147E-16));
#1637 = DIRECTION('',(1.224646799147E-16,-1.359631073447E-32,-1.));
#1638 = ADVANCED_FACE('',(#1639,#1642),#1653,.F.);
#1639 = FACE_BOUND('',#1640,.F.);
#1640 = EDGE_LOOP('',(#1641));
#1641 = ORIENTED_EDGE('',*,*,#1590,.T.);
#1642 = FACE_BOUND('',#1643,.F.);
#1643 = EDGE_LOOP('',(#1644));
#1644 = ORIENTED_EDGE('',*,*,#1645,.F.);
#1645 = EDGE_CURVE('',#1646,#1646,#1648,.T.);
#1646 = VERTEX_POINT('',#1647);
#1647 = CARTESIAN_POINT('',(11.,67.61,-1.029315634683E-15));
#1648 = CIRCLE('',#1649,4.11);
#1649 = AXIS2_PLACEMENT_3D('',#1650,#1651,#1652);
#1650 = CARTESIAN_POINT('',(11.,63.5,0.));
#1651 = DIRECTION('',(1.224646799147E-16,-1.359631073447E-32,-1.));
#1652 = DIRECTION('',(-1.,1.110223024625E-16,-1.224646799147E-16));
#1653 = PLANE('',#1654);
#1654 = AXIS2_PLACEMENT_3D('',#1655,#1656,#1657);
#1655 = CARTESIAN_POINT('',(-7.46,50.8,-2.260697991226E-15));
#1656 = DIRECTION('',(1.224646799147E-16,-1.359631073447E-32,-1.));
#1657 = DIRECTION('',(1.110223024625E-16,1.,0.));
#1658 = ADVANCED_FACE('',(#1659),#1671,.F.);
#1659 = FACE_BOUND('',#1660,.F.);
#1660 = EDGE_LOOP('',(#1661,#1662,#1669,#1670));
#1661 = ORIENTED_EDGE('',*,*,#1645,.T.);
#1662 = ORIENTED_EDGE('',*,*,#1663,.F.);
#1663 = EDGE_CURVE('',#1618,#1646,#1664,.T.);
#1664 = CIRCLE('',#1665,16.81);
#1665 = AXIS2_PLACEMENT_3D('',#1666,#1667,#1668);
#1666 = CARTESIAN_POINT('',(11.,50.8,-1.232802541348E-31));
#1667 = DIRECTION('',(1.,-1.110223024625E-16,1.224646799147E-16));
#1668 = DIRECTION('',(1.224646799147E-16,-1.359631073447E-32,-1.));
#1669 = ORIENTED_EDGE('',*,*,#1626,.F.);
#1670 = ORIENTED_EDGE('',*,*,#1663,.T.);
#1671 = TOROIDAL_SURFACE('',#1672,12.7,4.11);
#1672 = AXIS2_PLACEMENT_3D('',#1673,#1674,#1675);
#1673 = CARTESIAN_POINT('',(11.,50.8,0.));
#1674 = DIRECTION('',(1.,-1.110223024625E-16,1.224646799147E-16));
#1675 = DIRECTION('',(1.224646799147E-16,-1.359631073447E-32,-1.));
#1676 = ( GEOMETRIC_REPRESENTATION_CONTEXT(3) 
GLOBAL_UNCERTAINTY_ASSIGNED_CONTEXT((#1680)) 
GLOBAL_UNIT_ASSIGNED_CONTEXT((#1677,#1678,#1679)) REPRESENTATION_CONTEXT
('Context #1','3D Context with UNIT and UNCERTAINTY') );
#1677 = ( LENGTH_UNIT() NAMED_UNIT(*) SI_UNIT(.MILLI.,.METRE.) );
#1678 = ( NAMED_UNIT(*) PLANE_ANGLE_UNIT() SI_UNIT($,.RADIAN.) );
#1679 = ( NAMED_UNIT(*) SI_UNIT($,.STERADIAN.) SOLID_ANGLE_UNIT() );
#1680 = UNCERTAINTY_MEASURE_WITH_UNIT(LENGTH_MEASURE(1.E-07),#1677,
  'distance_accuracy_value','confusion accuracy');
#1681 = CONTEXT_DEPENDENT_SHAPE_REPRESENTATION(#1682,#1684);
#1682 = ( REPRESENTATION_RELATIONSHIP('','',#1529,#10) 
REPRESENTATION_RELATIONSHIP_WITH_TRANSFORMATION(#1683) 
SHAPE_REPRESENTATION_RELATIONSHIP() );
#1683 = ITEM_DEFINED_TRANSFORMATION('','',#11,#59);
#1684 = PRODUCT_DEFINITION_SHAPE('Placement','Placement of an item',
  #1685);
#1685 = NEXT_ASSEMBLY_USAGE_OCCURRENCE('20','solid_bend_c01_k02','',#5,
  #1524,$);
#1686 = PRODUCT_RELATED_PRODUCT_CATEGORY('part',$,(#1526));
#1687 = SHAPE_DEFINITION_REPRESENTATION(#1688,#1694);
#1688 = PRODUCT_DEFINITION_SHAPE('','',#1689);
#1689 = PRODUCT_DEFINITION('design','',#1690,#1693);
#1690 = PRODUCT_DEFINITION_FORMATION('','',#1691);
#1691 = PRODUCT('fluid_bend_c01_k02','fluid_bend_c01_k02','',(#1692));
#1692 = PRODUCT_CONTEXT('',#2,'mechanical');
#1693 = PRODUCT_DEFINITION_CONTEXT('part definition',#2,'design');
#1694 = ADVANCED_BREP_SHAPE_REPRESENTATION('',(#11,#1695),#1775);
#1695 = MANIFOLD_SOLID_BREP('',#1696);
#1696 = CLOSED_SHELL('',(#1697,#1731,#1757,#1766));
#1697 = ADVANCED_FACE('',(#1698),#1726,.T.);
#1698 = FACE_BOUND('',#1699,.T.);
#1699 = EDGE_LOOP('',(#1700,#1709,#1718,#1725));
#1700 = ORIENTED_EDGE('',*,*,#1701,.T.);
#1701 = EDGE_CURVE('',#1702,#1702,#1704,.T.);
#1702 = VERTEX_POINT('',#1703);
#1703 = CARTESIAN_POINT('',(11.,33.99,3.08794690405E-15));
#1704 = CIRCLE('',#1705,4.11);
#1705 = AXIS2_PLACEMENT_3D('',#1706,#1707,#1708);
#1706 = CARTESIAN_POINT('',(11.,38.1,0.));
#1707 = DIRECTION('',(1.224646799147E-16,-1.359631073447E-32,-1.));
#1708 = DIRECTION('',(-1.,1.110223024625E-16,-1.224646799147E-16));
#1709 = ORIENTED_EDGE('',*,*,#1710,.T.);
#1710 = EDGE_CURVE('',#1702,#1711,#1713,.T.);
#1711 = VERTEX_POINT('',#1712);
#1712 = CARTESIAN_POINT('',(11.,50.8,-16.81));
#1713 = CIRCLE('',#1714,16.81);
#1714 = AXIS2_PLACEMENT_3D('',#1715,#1716,#1717);
#1715 = CARTESIAN_POINT('',(11.,50.8,-1.232802541348E-31));
#1716 = DIRECTION('',(1.,-1.110223024625E-16,1.224646799147E-16));
#1717 = DIRECTION('',(1.224646799147E-16,-1.359631073447E-32,-1.));
#1718 = ORIENTED_EDGE('',*,*,#1719,.T.);
#1719 = EDGE_CURVE('',#1711,#1711,#1720,.T.);
#1720 = CIRCLE('',#1721,4.11);
#1721 = AXIS2_PLACEMENT_3D('',#1722,#1723,#1724);
#1722 = CARTESIAN_POINT('',(11.,50.8,-12.7));
#1723 = DIRECTION('',(-1.110223024625E-16,-1.,2.449293598295E-16));
#1724 = DIRECTION('',(1.224646799147E-16,-2.449293598295E-16,-1.));
#1725 = ORIENTED_EDGE('',*,*,#1710,.F.);
#1726 = TOROIDAL_SURFACE('',#1727,12.7,4.11);
#1727 = AXIS2_PLACEMENT_3D('',#1728,#1729,#1730);
#1728 = CARTESIAN_POINT('',(11.,50.8,0.));
#1729 = DIRECTION('',(1.,-1.110223024625E-16,1.224646799147E-16));
#1730 = DIRECTION('',(1.224646799147E-16,-1.359631073447E-32,-1.));
#1731 = ADVANCED_FACE('',(#1732),#1752,.T.);
#1732 = FACE_BOUND('',#1733,.T.);
#1733 = EDGE_LOOP('',(#1734,#1743,#1750,#1751));
#1734 = ORIENTED_EDGE('',*,*,#1735,.T.);
#1735 = EDGE_CURVE('',#1736,#1736,#1738,.T.);
#1736 = VERTEX_POINT('',#1737);
#1737 = CARTESIAN_POINT('',(11.,67.61,-1.029315634683E-15));
#1738 = CIRCLE('',#1739,4.11);
#1739 = AXIS2_PLACEMENT_3D('',#1740,#1741,#1742);
#1740 = CARTESIAN_POINT('',(11.,63.5,0.));
#1741 = DIRECTION('',(1.224646799147E-16,-1.359631073447E-32,-1.));
#1742 = DIRECTION('',(-1.,1.110223024625E-16,-1.224646799147E-16));
#1743 = ORIENTED_EDGE('',*,*,#1744,.F.);
#1744 = EDGE_CURVE('',#1711,#1736,#1745,.T.);
#1745 = CIRCLE('',#1746,16.81);
#1746 = AXIS2_PLACEMENT_3D('',#1747,#1748,#1749);
#1747 = CARTESIAN_POINT('',(11.,50.8,-1.232802541348E-31));
#1748 = DIRECTION('',(1.,-1.110223024625E-16,1.224646799147E-16));
#1749 = DIRECTION('',(1.224646799147E-16,-1.359631073447E-32,-1.));
#1750 = ORIENTED_EDGE('',*,*,#1719,.F.);
#1751 = ORIENTED_EDGE('',*,*,#1744,.T.);
#1752 = TOROIDAL_SURFACE('',#1753,12.7,4.11);
#1753 = AXIS2_PLACEMENT_3D('',#1754,#1755,#1756);
#1754 = CARTESIAN_POINT('',(11.,50.8,0.));
#1755 = DIRECTION('',(1.,-1.110223024625E-16,1.224646799147E-16));
#1756 = DIRECTION('',(1.224646799147E-16,-1.359631073447E-32,-1.));
#1757 = ADVANCED_FACE('',(#1758),#1761,.F.);
#1758 = FACE_BOUND('',#1759,.F.);
#1759 = EDGE_LOOP('',(#1760));
#1760 = ORIENTED_EDGE('',*,*,#1701,.T.);
#1761 = PLANE('',#1762);
#1762 = AXIS2_PLACEMENT_3D('',#1763,#1764,#1765);
#1763 = CARTESIAN_POINT('',(-6.81,32.99,-2.181095949281E-15));
#1764 = DIRECTION('',(1.224646799147E-16,-1.359631073447E-32,-1.));
#1765 = DIRECTION('',(1.110223024625E-16,1.,0.));
#1766 = ADVANCED_FACE('',(#1767),#1770,.F.);
#1767 = FACE_BOUND('',#1768,.F.);
#1768 = EDGE_LOOP('',(#1769));
#1769 = ORIENTED_EDGE('',*,*,#1735,.T.);
#1770 = PLANE('',#1771);
#1771 = AXIS2_PLACEMENT_3D('',#1772,#1773,#1774);
#1772 = CARTESIAN_POINT('',(-6.81,50.8,-2.181095949281E-15));
#1773 = DIRECTION('',(1.224646799147E-16,-1.359631073447E-32,-1.));
#1774 = DIRECTION('',(1.110223024625E-16,1.,0.));
#1775 = ( GEOMETRIC_REPRESENTATION_CONTEXT(3) 
GLOBAL_UNCERTAINTY_ASSIGNED_CONTEXT((#1779)) 
GLOBAL_UNIT_ASSIGNED_CONTEXT((#1776,#1777,#1778)) REPRESENTATION_CONTEXT
('Context #1','3D Context with UNIT and UNCERTAINTY') );
#1776 = ( LENGTH_UNIT() NAMED_UNIT(*) SI_UNIT(.MILLI.,.METRE.) );
#1777 = ( NAMED_UNIT(*) PLANE_ANGLE_UNIT() SI_UNIT($,.RADIAN.) );
#1778 = ( NAMED_UNIT(*) SI_UNIT($,.STERADIAN.) SOLID_ANGLE_UNIT() );
#1779 = UNCERTAINTY_MEASURE_WITH_UNIT(LENGTH_MEASURE(1.E-07),#1776,
  'distance_accuracy_value','confusion accuracy');
#1780 = CONTEXT_DEPENDENT_SHAPE_REPRESENTATION(#1781,#1783);
#1781 = ( REPRESENTATION_RELATIONSHIP('','',#1694,#10) 
REPRESENTATION_RELATIONSHIP_WITH_TRANSFORMATION(#1782) 
SHAPE_REPRESENTATION_RELATIONSHIP() );
#1782 = ITEM_DEFINED_TRANSFORMATION('','',#11,#63);
#1783 = PRODUCT_DEFINITION_SHAPE('Placement','Placement of an item',
  #1784);
#1784 = NEXT_ASSEMBLY_USAGE_OCCURRENCE('21','fluid_bend_c01_k02','',#5,
  #1689,$);
#1785 = PRODUCT_RELATED_PRODUCT_CATEGORY('part',$,(#1691));
#1786 = SHAPE_DEFINITION_REPRESENTATION(#1787,#1793);
#1787 = PRODUCT_DEFINITION_SHAPE('','',#1788);
#1788 = PRODUCT_DEFINITION('design','',#1789,#1792);
#1789 = PRODUCT_DEFINITION_FORMATION('','',#1790);
#1790 = PRODUCT('solid_casing_up','solid_casing_up','',(#1791));
#1791 = PRODUCT_CONTEXT('',#2,'mechanical');
#1792 = PRODUCT_DEFINITION_CONTEXT('part definition',#2,'design');
#1793 = ADVANCED_BREP_SHAPE_REPRESENTATION('',(#11,#1794),#2080);
#1794 = MANIFOLD_SOLID_BREP('',#1795);
#1795 = CLOSED_SHELL('',(#1796,#1870,#1901,#1925,#1949,#1966,#1997,#2021
    ,#2045,#2062));
#1796 = ADVANCED_FACE('',(#1797,#1831),#1865,.F.);
#1797 = FACE_BOUND('',#1798,.F.);
#1798 = EDGE_LOOP('',(#1799,#1809,#1817,#1825));
#1799 = ORIENTED_EDGE('',*,*,#1800,.F.);
#1800 = EDGE_CURVE('',#1801,#1803,#1805,.T.);
#1801 = VERTEX_POINT('',#1802);
#1802 = CARTESIAN_POINT('',(-40.,-2.,8.));
#1803 = VERTEX_POINT('',#1804);
#1804 = CARTESIAN_POINT('',(-40.,-2.,92.));
#1805 = LINE('',#1806,#1807);
#1806 = CARTESIAN_POINT('',(-40.,-2.,8.));
#1807 = VECTOR('',#1808,1.);
#1808 = DIRECTION('',(0.,0.,1.));
#1809 = ORIENTED_EDGE('',*,*,#1810,.T.);
#1810 = EDGE_CURVE('',#1801,#1811,#1813,.T.);
#1811 = VERTEX_POINT('',#1812);
#1812 = CARTESIAN_POINT('',(-40.,78.2,8.));
#1813 = LINE('',#1814,#1815);
#1814 = CARTESIAN_POINT('',(-40.,-2.,8.));
#1815 = VECTOR('',#1816,1.);
#1816 = DIRECTION('',(-0.,1.,0.));
#1817 = ORIENTED_EDGE('',*,*,#1818,.T.);
#1818 = EDGE_CURVE('',#1811,#1819,#1821,.T.);
#1819 = VERTEX_POINT('',#1820);
#1820 = CARTESIAN_POINT('',(-40.,78.2,92.));
#1821 = LINE('',#1822,#1823);
#1822 = CARTESIAN_POINT('',(-40.,78.2,8.));
#1823 = VECTOR('',#1824,1.);
#1824 = DIRECTION('',(0.,0.,1.));
#1825 = ORIENTED_EDGE('',*,*,#1826,.F.);
#1826 = EDGE_CURVE('',#1803,#1819,#1827,.T.);
#1827 = LINE('',#1828,#1829);
#1828 = CARTESIAN_POINT('',(-40.,-2.,92.));
#1829 = VECTOR('',#1830,1.);
#1830 = DIRECTION('',(-0.,1.,0.));
#1831 = FACE_BOUND('',#1832,.F.);
#1832 = EDGE_LOOP('',(#1833,#1843,#1851,#1859));
#1833 = ORIENTED_EDGE('',*,*,#1834,.T.);
#1834 = EDGE_CURVE('',#1835,#1837,#1839,.T.);
#1835 = VERTEX_POINT('',#1836);
#1836 = CARTESIAN_POINT('',(-40.,0.,10.));
#1837 = VERTEX_POINT('',#1838);
#1838 = CARTESIAN_POINT('',(-40.,0.,90.));
#1839 = LINE('',#1840,#1841);
#1840 = CARTESIAN_POINT('',(-40.,0.,10.));
#1841 = VECTOR('',#1842,1.);
#1842 = DIRECTION('',(0.,0.,1.));
#1843 = ORIENTED_EDGE('',*,*,#1844,.T.);
#1844 = EDGE_CURVE('',#1837,#1845,#1847,.T.);
#1845 = VERTEX_POINT('',#1846);
#1846 = CARTESIAN_POINT('',(-40.,76.2,90.));
#1847 = LINE('',#1848,#1849);
#1848 = CARTESIAN_POINT('',(-40.,0.,90.));
#1849 = VECTOR('',#1850,1.);
#1850 = DIRECTION('',(-0.,1.,0.));
#1851 = ORIENTED_EDGE('',*,*,#1852,.F.);
#1852 = EDGE_CURVE('',#1853,#1845,#1855,.T.);
#1853 = VERTEX_POINT('',#1854);
#1854 = CARTESIAN_POINT('',(-40.,76.2,10.));
#1855 = LINE('',#1856,#1857);
#1856 = CARTESIAN_POINT('',(-40.,76.2,10.));
#1857 = VECTOR('',#1858,1.);
#1858 = DIRECTION('',(0.,0.,1.));
#1859 = ORIENTED_EDGE('',*,*,#1860,.F.);
#1860 = EDGE_CURVE('',#1835,#1853,#1861,.T.);
#1861 = LINE('',#1862,#1863);
#1862 = CARTESIAN_POINT('',(-40.,0.,10.));
#1863 = VECTOR('',#1864,1.);
#1864 = DIRECTION('',(-0.,1.,0.));
#1865 = PLANE('',#1866);
#1866 = AXIS2_PLACEMENT_3D('',#1867,#1868,#1869);
#1867 = CARTESIAN_POINT('',(-40.,-2.,8.));
#1868 = DIRECTION('',(1.,0.,-0.));
#1869 = DIRECTION('',(0.,0.,1.));
#1870 = ADVANCED_FACE('',(#1871),#1896,.F.);
#1871 = FACE_BOUND('',#1872,.F.);
#1872 = EDGE_LOOP('',(#1873,#1881,#1882,#1890));
#1873 = ORIENTED_EDGE('',*,*,#1874,.F.);
#1874 = EDGE_CURVE('',#1801,#1875,#1877,.T.);
#1875 = VERTEX_POINT('',#1876);
#1876 = CARTESIAN_POINT('',(0.,-2.,8.));
#1877 = LINE('',#1878,#1879);
#1878 = CARTESIAN_POINT('',(-40.,-2.,8.));
#1879 = VECTOR('',#1880,1.);
#1880 = DIRECTION('',(1.,0.,-0.));
#1881 = ORIENTED_EDGE('',*,*,#1800,.T.);
#1882 = ORIENTED_EDGE('',*,*,#1883,.T.);
#1883 = EDGE_CURVE('',#1803,#1884,#1886,.T.);
#1884 = VERTEX_POINT('',#1885);
#1885 = CARTESIAN_POINT('',(0.,-2.,92.));
#1886 = LINE('',#1887,#1888);
#1887 = CARTESIAN_POINT('',(-40.,-2.,92.));
#1888 = VECTOR('',#1889,1.);
#1889 = DIRECTION('',(1.,0.,-0.));
#1890 = ORIENTED_EDGE('',*,*,#1891,.F.);
#1891 = EDGE_CURVE('',#1875,#1884,#1892,.T.);
#1892 = LINE('',#1893,#1894);
#1893 = CARTESIAN_POINT('',(0.,-2.,8.));
#1894 = VECTOR('',#1895,1.);
#1895 = DIRECTION('',(0.,0.,1.));
#1896 = PLANE('',#1897);
#1897 = AXIS2_PLACEMENT_3D('',#1898,#1899,#1900);
#1898 = CARTESIAN_POINT('',(-40.,-2.,8.));
#1899 = DIRECTION('',(-0.,1.,0.));
#1900 = DIRECTION('',(0.,0.,1.));
#1901 = ADVANCED_FACE('',(#1902),#1920,.T.);
#1902 = FACE_BOUND('',#1903,.T.);
#1903 = EDGE_LOOP('',(#1904,#1905,#1906,#1914));
#1904 = ORIENTED_EDGE('',*,*,#1826,.F.);
#1905 = ORIENTED_EDGE('',*,*,#1883,.T.);
#1906 = ORIENTED_EDGE('',*,*,#1907,.T.);
#1907 = EDGE_CURVE('',#1884,#1908,#1910,.T.);
#1908 = VERTEX_POINT('',#1909);
#1909 = CARTESIAN_POINT('',(0.,78.2,92.));
#1910 = LINE('',#1911,#1912);
#1911 = CARTESIAN_POINT('',(0.,-2.,92.));
#1912 = VECTOR('',#1913,1.);
#1913 = DIRECTION('',(-0.,1.,0.));
#1914 = ORIENTED_EDGE('',*,*,#1915,.F.);
#1915 = EDGE_CURVE('',#1819,#1908,#1916,.T.);
#1916 = LINE('',#1917,#1918);
#1917 = CARTESIAN_POINT('',(-40.,78.2,92.));
#1918 = VECTOR('',#1919,1.);
#1919 = DIRECTION('',(1.,0.,-0.));
#1920 = PLANE('',#1921);
#1921 = AXIS2_PLACEMENT_3D('',#1922,#1923,#1924);
#1922 = CARTESIAN_POINT('',(-40.,-2.,92.));
#1923 = DIRECTION('',(0.,0.,1.));
#1924 = DIRECTION('',(1.,0.,-0.));
#1925 = ADVANCED_FACE('',(#1926),#1944,.F.);
#1926 = FACE_BOUND('',#1927,.F.);
#1927 = EDGE_LOOP('',(#1928,#1929,#1930,#1938));
#1928 = ORIENTED_EDGE('',*,*,#1810,.F.);
#1929 = ORIENTED_EDGE('',*,*,#1874,.T.);
#1930 = ORIENTED_EDGE('',*,*,#1931,.T.);
#1931 = EDGE_CURVE('',#1875,#1932,#1934,.T.);
#1932 = VERTEX_POINT('',#1933);
#1933 = CARTESIAN_POINT('',(0.,78.2,8.));
#1934 = LINE('',#1935,#1936);
#1935 = CARTESIAN_POINT('',(0.,-2.,8.));
#1936 = VECTOR('',#1937,1.);
#1937 = DIRECTION('',(-0.,1.,0.));
#1938 = ORIENTED_EDGE('',*,*,#1939,.F.);
#1939 = EDGE_CURVE('',#1811,#1932,#1940,.T.);
#1940 = LINE('',#1941,#1942);
#1941 = CARTESIAN_POINT('',(-40.,78.2,8.));
#1942 = VECTOR('',#1943,1.);
#1943 = DIRECTION('',(1.,0.,-0.));
#1944 = PLANE('',#1945);
#1945 = AXIS2_PLACEMENT_3D('',#1946,#1947,#1948);
#1946 = CARTESIAN_POINT('',(-40.,-2.,8.));
#1947 = DIRECTION('',(0.,0.,1.));
#1948 = DIRECTION('',(1.,0.,-0.));
#1949 = ADVANCED_FACE('',(#1950),#1961,.T.);
#1950 = FACE_BOUND('',#1951,.T.);
#1951 = EDGE_LOOP('',(#1952,#1953,#1954,#1955));
#1952 = ORIENTED_EDGE('',*,*,#1939,.F.);
#1953 = ORIENTED_EDGE('',*,*,#1818,.T.);
#1954 = ORIENTED_EDGE('',*,*,#1915,.T.);
#1955 = ORIENTED_EDGE('',*,*,#1956,.F.);
#1956 = EDGE_CURVE('',#1932,#1908,#1957,.T.);
#1957 = LINE('',#1958,#1959);
#1958 = CARTESIAN_POINT('',(0.,78.2,8.));
#1959 = VECTOR('',#1960,1.);
#1960 = DIRECTION('',(0.,0.,1.));
#1961 = PLANE('',#1962);
#1962 = AXIS2_PLACEMENT_3D('',#1963,#1964,#1965);
#1963 = CARTESIAN_POINT('',(-40.,78.2,8.));
#1964 = DIRECTION('',(-0.,1.,0.));
#1965 = DIRECTION('',(0.,0.,1.));
#1966 = ADVANCED_FACE('',(#1967),#1992,.T.);
#1967 = FACE_BOUND('',#1968,.T.);
#1968 = EDGE_LOOP('',(#1969,#1977,#1978,#1986));
#1969 = ORIENTED_EDGE('',*,*,#1970,.F.);
#1970 = EDGE_CURVE('',#1835,#1971,#1973,.T.);
#1971 = VERTEX_POINT('',#1972);
#1972 = CARTESIAN_POINT('',(0.,0.,10.));
#1973 = LINE('',#1974,#1975);
#1974 = CARTESIAN_POINT('',(-40.,0.,10.));
#1975 = VECTOR('',#1976,1.);
#1976 = DIRECTION('',(1.,0.,-0.));
#1977 = ORIENTED_EDGE('',*,*,#1834,.T.);
#1978 = ORIENTED_EDGE('',*,*,#1979,.T.);
#1979 = EDGE_CURVE('',#1837,#1980,#1982,.T.);
#1980 = VERTEX_POINT('',#1981);
#1981 = CARTESIAN_POINT('',(0.,0.,90.));
#1982 = LINE('',#1983,#1984);
#1983 = CARTESIAN_POINT('',(-40.,0.,90.));
#1984 = VECTOR('',#1985,1.);
#1985 = DIRECTION('',(1.,0.,-0.));
#1986 = ORIENTED_EDGE('',*,*,#1987,.F.);
#1987 = EDGE_CURVE('',#1971,#1980,#1988,.T.);
#1988 = LINE('',#1989,#1990);
#1989 = CARTESIAN_POINT('',(0.,0.,10.));
#1990 = VECTOR('',#1991,1.);
#1991 = DIRECTION('',(0.,0.,1.));
#1992 = PLANE('',#1993);
#1993 = AXIS2_PLACEMENT_3D('',#1994,#1995,#1996);
#1994 = CARTESIAN_POINT('',(-40.,0.,10.));
#1995 = DIRECTION('',(-0.,1.,0.));
#1996 = DIRECTION('',(0.,0.,1.));
#1997 = ADVANCED_FACE('',(#1998),#2016,.T.);
#1998 = FACE_BOUND('',#1999,.T.);
#1999 = EDGE_LOOP('',(#2000,#2001,#2002,#2010));
#2000 = ORIENTED_EDGE('',*,*,#1860,.F.);
#2001 = ORIENTED_EDGE('',*,*,#1970,.T.);
#2002 = ORIENTED_EDGE('',*,*,#2003,.T.);
#2003 = EDGE_CURVE('',#1971,#2004,#2006,.T.);
#2004 = VERTEX_POINT('',#2005);
#2005 = CARTESIAN_POINT('',(0.,76.2,10.));
#2006 = LINE('',#2007,#2008);
#2007 = CARTESIAN_POINT('',(0.,0.,10.));
#2008 = VECTOR('',#2009,1.);
#2009 = DIRECTION('',(-0.,1.,0.));
#2010 = ORIENTED_EDGE('',*,*,#2011,.F.);
#2011 = EDGE_CURVE('',#1853,#2004,#2012,.T.);
#2012 = LINE('',#2013,#2014);
#2013 = CARTESIAN_POINT('',(-40.,76.2,10.));
#2014 = VECTOR('',#2015,1.);
#2015 = DIRECTION('',(1.,0.,-0.));
#2016 = PLANE('',#2017);
#2017 = AXIS2_PLACEMENT_3D('',#2018,#2019,#2020);
#2018 = CARTESIAN_POINT('',(-40.,0.,10.));
#2019 = DIRECTION('',(0.,0.,1.));
#2020 = DIRECTION('',(1.,0.,-0.));
#2021 = ADVANCED_FACE('',(#2022),#2040,.F.);
#2022 = FACE_BOUND('',#2023,.F.);
#2023 = EDGE_LOOP('',(#2024,#2025,#2026,#2034));
#2024 = ORIENTED_EDGE('',*,*,#2011,.F.);
#2025 = ORIENTED_EDGE('',*,*,#1852,.T.);
#2026 = ORIENTED_EDGE('',*,*,#2027,.T.);
#2027 = EDGE_CURVE('',#1845,#2028,#2030,.T.);
#2028 = VERTEX_POINT('',#2029);
#2029 = CARTESIAN_POINT('',(0.,76.2,90.));
#2030 = LINE('',#2031,#2032);
#2031 = CARTESIAN_POINT('',(-40.,76.2,90.));
#2032 = VECTOR('',#2033,1.);
#2033 = DIRECTION('',(1.,0.,-0.));
#2034 = ORIENTED_EDGE('',*,*,#2035,.F.);
#2035 = EDGE_CURVE('',#2004,#2028,#2036,.T.);
#2036 = LINE('',#2037,#2038);
#2037 = CARTESIAN_POINT('',(0.,76.2,10.));
#2038 = VECTOR('',#2039,1.);
#2039 = DIRECTION('',(0.,0.,1.));
#2040 = PLANE('',#2041);
#2041 = AXIS2_PLACEMENT_3D('',#2042,#2043,#2044);
#2042 = CARTESIAN_POINT('',(-40.,76.2,10.));
#2043 = DIRECTION('',(-0.,1.,0.));
#2044 = DIRECTION('',(0.,0.,1.));
#2045 = ADVANCED_FACE('',(#2046),#2057,.F.);
#2046 = FACE_BOUND('',#2047,.F.);
#2047 = EDGE_LOOP('',(#2048,#2049,#2050,#2056));
#2048 = ORIENTED_EDGE('',*,*,#1844,.F.);
#2049 = ORIENTED_EDGE('',*,*,#1979,.T.);
#2050 = ORIENTED_EDGE('',*,*,#2051,.T.);
#2051 = EDGE_CURVE('',#1980,#2028,#2052,.T.);
#2052 = LINE('',#2053,#2054);
#2053 = CARTESIAN_POINT('',(0.,0.,90.));
#2054 = VECTOR('',#2055,1.);
#2055 = DIRECTION('',(-0.,1.,0.));
#2056 = ORIENTED_EDGE('',*,*,#2027,.F.);
#2057 = PLANE('',#2058);
#2058 = AXIS2_PLACEMENT_3D('',#2059,#2060,#2061);
#2059 = CARTESIAN_POINT('',(-40.,0.,90.));
#2060 = DIRECTION('',(0.,0.,1.));
#2061 = DIRECTION('',(1.,0.,-0.));
#2062 = ADVANCED_FACE('',(#2063,#2069),#2075,.T.);
#2063 = FACE_BOUND('',#2064,.T.);
#2064 = EDGE_LOOP('',(#2065,#2066,#2067,#2068));
#2065 = ORIENTED_EDGE('',*,*,#1891,.F.);
#2066 = ORIENTED_EDGE('',*,*,#1931,.T.);
#2067 = ORIENTED_EDGE('',*,*,#1956,.T.);
#2068 = ORIENTED_EDGE('',*,*,#1907,.F.);
#2069 = FACE_BOUND('',#2070,.T.);
#2070 = EDGE_LOOP('',(#2071,#2072,#2073,#2074));
#2071 = ORIENTED_EDGE('',*,*,#1987,.T.);
#2072 = ORIENTED_EDGE('',*,*,#2051,.T.);
#2073 = ORIENTED_EDGE('',*,*,#2035,.F.);
#2074 = ORIENTED_EDGE('',*,*,#2003,.F.);
#2075 = PLANE('',#2076);
#2076 = AXIS2_PLACEMENT_3D('',#2077,#2078,#2079);
#2077 = CARTESIAN_POINT('',(0.,-2.,8.));
#2078 = DIRECTION('',(1.,0.,-0.));
#2079 = DIRECTION('',(0.,0.,1.));
#2080 = ( GEOMETRIC_REPRESENTATION_CONTEXT(3) 
GLOBAL_UNCERTAINTY_ASSIGNED_CONTEXT((#2084)) 
GLOBAL_UNIT_ASSIGNED_CONTEXT((#2081,#2082,#2083)) REPRESENTATION_CONTEXT
('Context #1','3D Context with UNIT and UNCERTAINTY') );
#2081 = ( LENGTH_UNIT() NAMED_UNIT(*) SI_UNIT(.MILLI.,.METRE.) );
#2082 = ( NAMED_UNIT(*) PLANE_ANGLE_UNIT() SI_UNIT($,.RADIAN.) );
#2083 = ( NAMED_UNIT(*) SI_UNIT($,.STERADIAN.) SOLID_ANGLE_UNIT() );
#2084 = UNCERTAINTY_MEASURE_WITH_UNIT(LENGTH_MEASURE(1.E-07),#2081,
  'distance_accuracy_value','confusion accuracy');
#2085 = CONTEXT_DEPENDENT_SHAPE_REPRESENTATION(#2086,#2088);
#2086 = ( REPRESENTATION_RELATIONSHIP('','',#1793,#10) 
REPRESENTATION_RELATIONSHIP_WITH_TRANSFORMATION(#2087) 
SHAPE_REPRESENTATION_RELATIONSHIP() );
#2087 = ITEM_DEFINED_TRANSFORMATION('','',#11,#67);
#2088 = PRODUCT_DEFINITION_SHAPE('Placement','Placement of an item',
  #2089);
#2089 = NEXT_ASSEMBLY_USAGE_OCCURRENCE('22','solid_casing_up','',#5,
  #1788,$);
#2090 = PRODUCT_RELATED_PRODUCT_CATEGORY('part',$,(#1790));
#2091 = SHAPE_DEFINITION_REPRESENTATION(#2092,#2098);
#2092 = PRODUCT_DEFINITION_SHAPE('','',#2093);
#2093 = PRODUCT_DEFINITION('design','',#2094,#2097);
#2094 = PRODUCT_DEFINITION_FORMATION('','',#2095);
#2095 = PRODUCT('solid_casing_core','solid_casing_core','',(#2096));
#2096 = PRODUCT_CONTEXT('',#2,'mechanical');
#2097 = PRODUCT_DEFINITION_CONTEXT('part definition',#2,'design');
#2098 = ADVANCED_BREP_SHAPE_REPRESENTATION('',(#11,#2099),#2385);
#2099 = MANIFOLD_SOLID_BREP('',#2100);
#2100 = CLOSED_SHELL('',(#2101,#2175,#2206,#2230,#2254,#2271,#2302,#2326
    ,#2350,#2367));
#2101 = ADVANCED_FACE('',(#2102,#2136),#2170,.F.);
#2102 = FACE_BOUND('',#2103,.F.);
#2103 = EDGE_LOOP('',(#2104,#2114,#2122,#2130));
#2104 = ORIENTED_EDGE('',*,*,#2105,.F.);
#2105 = EDGE_CURVE('',#2106,#2108,#2110,.T.);
#2106 = VERTEX_POINT('',#2107);
#2107 = CARTESIAN_POINT('',(0.,-2.,8.));
#2108 = VERTEX_POINT('',#2109);
#2109 = CARTESIAN_POINT('',(0.,-2.,92.));
#2110 = LINE('',#2111,#2112);
#2111 = CARTESIAN_POINT('',(0.,-2.,8.));
#2112 = VECTOR('',#2113,1.);
#2113 = DIRECTION('',(0.,0.,1.));
#2114 = ORIENTED_EDGE('',*,*,#2115,.T.);
#2115 = EDGE_CURVE('',#2106,#2116,#2118,.T.);
#2116 = VERTEX_POINT('',#2117);
#2117 = CARTESIAN_POINT('',(0.,78.2,8.));
#2118 = LINE('',#2119,#2120);
#2119 = CARTESIAN_POINT('',(0.,-2.,8.));
#2120 = VECTOR('',#2121,1.);
#2121 = DIRECTION('',(-0.,1.,0.));
#2122 = ORIENTED_EDGE('',*,*,#2123,.T.);
#2123 = EDGE_CURVE('',#2116,#2124,#2126,.T.);
#2124 = VERTEX_POINT('',#2125);
#2125 = CARTESIAN_POINT('',(0.,78.2,92.));
#2126 = LINE('',#2127,#2128);
#2127 = CARTESIAN_POINT('',(0.,78.2,8.));
#2128 = VECTOR('',#2129,1.);
#2129 = DIRECTION('',(0.,0.,1.));
#2130 = ORIENTED_EDGE('',*,*,#2131,.F.);
#2131 = EDGE_CURVE('',#2108,#2124,#2132,.T.);
#2132 = LINE('',#2133,#2134);
#2133 = CARTESIAN_POINT('',(0.,-2.,92.));
#2134 = VECTOR('',#2135,1.);
#2135 = DIRECTION('',(-0.,1.,0.));
#2136 = FACE_BOUND('',#2137,.F.);
#2137 = EDGE_LOOP('',(#2138,#2148,#2156,#2164));
#2138 = ORIENTED_EDGE('',*,*,#2139,.T.);
#2139 = EDGE_CURVE('',#2140,#2142,#2144,.T.);
#2140 = VERTEX_POINT('',#2141);
#2141 = CARTESIAN_POINT('',(0.,0.,10.));
#2142 = VERTEX_POINT('',#2143);
#2143 = CARTESIAN_POINT('',(0.,0.,90.));
#2144 = LINE('',#2145,#2146);
#2145 = CARTESIAN_POINT('',(0.,0.,10.));
#2146 = VECTOR('',#2147,1.);
#2147 = DIRECTION('',(0.,0.,1.));
#2148 = ORIENTED_EDGE('',*,*,#2149,.T.);
#2149 = EDGE_CURVE('',#2142,#2150,#2152,.T.);
#2150 = VERTEX_POINT('',#2151);
#2151 = CARTESIAN_POINT('',(0.,76.2,90.));
#2152 = LINE('',#2153,#2154);
#2153 = CARTESIAN_POINT('',(0.,0.,90.));
#2154 = VECTOR('',#2155,1.);
#2155 = DIRECTION('',(-0.,1.,0.));
#2156 = ORIENTED_EDGE('',*,*,#2157,.F.);
#2157 = EDGE_CURVE('',#2158,#2150,#2160,.T.);
#2158 = VERTEX_POINT('',#2159);
#2159 = CARTESIAN_POINT('',(0.,76.2,10.));
#2160 = LINE('',#2161,#2162);
#2161 = CARTESIAN_POINT('',(0.,76.2,10.));
#2162 = VECTOR('',#2163,1.);
#2163 = DIRECTION('',(0.,0.,1.));
#2164 = ORIENTED_EDGE('',*,*,#2165,.F.);
#2165 = EDGE_CURVE('',#2140,#2158,#2166,.T.);
#2166 = LINE('',#2167,#2168);
#2167 = CARTESIAN_POINT('',(0.,0.,10.));
#2168 = VECTOR('',#2169,1.);
#2169 = DIRECTION('',(-0.,1.,0.));
#2170 = PLANE('',#2171);
#2171 = AXIS2_PLACEMENT_3D('',#2172,#2173,#2174);
#2172 = CARTESIAN_POINT('',(0.,-2.,8.));
#2173 = DIRECTION('',(1.,0.,-0.));
#2174 = DIRECTION('',(0.,0.,1.));
#2175 = ADVANCED_FACE('',(#2176),#2201,.F.);
#2176 = FACE_BOUND('',#2177,.F.);
#2177 = EDGE_LOOP('',(#2178,#2186,#2187,#2195));
#2178 = ORIENTED_EDGE('',*,*,#2179,.F.);
#2179 = EDGE_CURVE('',#2106,#2180,#2182,.T.);
#2180 = VERTEX_POINT('',#2181);
#2181 = CARTESIAN_POINT('',(22.,-2.,8.));
#2182 = LINE('',#2183,#2184);
#2183 = CARTESIAN_POINT('',(0.,-2.,8.));
#2184 = VECTOR('',#2185,1.);
#2185 = DIRECTION('',(1.,0.,-0.));
#2186 = ORIENTED_EDGE('',*,*,#2105,.T.);
#2187 = ORIENTED_EDGE('',*,*,#2188,.T.);
#2188 = EDGE_CURVE('',#2108,#2189,#2191,.T.);
#2189 = VERTEX_POINT('',#2190);
#2190 = CARTESIAN_POINT('',(22.,-2.,92.));
#2191 = LINE('',#2192,#2193);
#2192 = CARTESIAN_POINT('',(0.,-2.,92.));
#2193 = VECTOR('',#2194,1.);
#2194 = DIRECTION('',(1.,0.,-0.));
#2195 = ORIENTED_EDGE('',*,*,#2196,.F.);
#2196 = EDGE_CURVE('',#2180,#2189,#2197,.T.);
#2197 = LINE('',#2198,#2199);
#2198 = CARTESIAN_POINT('',(22.,-2.,8.));
#2199 = VECTOR('',#2200,1.);
#2200 = DIRECTION('',(0.,0.,1.));
#2201 = PLANE('',#2202);
#2202 = AXIS2_PLACEMENT_3D('',#2203,#2204,#2205);
#2203 = CARTESIAN_POINT('',(0.,-2.,8.));
#2204 = DIRECTION('',(-0.,1.,0.));
#2205 = DIRECTION('',(0.,0.,1.));
#2206 = ADVANCED_FACE('',(#2207),#2225,.T.);
#2207 = FACE_BOUND('',#2208,.T.);
#2208 = EDGE_LOOP('',(#2209,#2210,#2211,#2219));
#2209 = ORIENTED_EDGE('',*,*,#2131,.F.);
#2210 = ORIENTED_EDGE('',*,*,#2188,.T.);
#2211 = ORIENTED_EDGE('',*,*,#2212,.T.);
#2212 = EDGE_CURVE('',#2189,#2213,#2215,.T.);
#2213 = VERTEX_POINT('',#2214);
#2214 = CARTESIAN_POINT('',(22.,78.2,92.));
#2215 = LINE('',#2216,#2217);
#2216 = CARTESIAN_POINT('',(22.,-2.,92.));
#2217 = VECTOR('',#2218,1.);
#2218 = DIRECTION('',(-0.,1.,0.));
#2219 = ORIENTED_EDGE('',*,*,#2220,.F.);
#2220 = EDGE_CURVE('',#2124,#2213,#2221,.T.);
#2221 = LINE('',#2222,#2223);
#2222 = CARTESIAN_POINT('',(0.,78.2,92.));
#2223 = VECTOR('',#2224,1.);
#2224 = DIRECTION('',(1.,0.,-0.));
#2225 = PLANE('',#2226);
#2226 = AXIS2_PLACEMENT_3D('',#2227,#2228,#2229);
#2227 = CARTESIAN_POINT('',(0.,-2.,92.));
#2228 = DIRECTION('',(0.,0.,1.));
#2229 = DIRECTION('',(1.,0.,-0.));
#2230 = ADVANCED_FACE('',(#2231),#2249,.F.);
#2231 = FACE_BOUND('',#2232,.F.);
#2232 = EDGE_LOOP('',(#2233,#2234,#2235,#2243));
#2233 = ORIENTED_EDGE('',*,*,#2115,.F.);
#2234 = ORIENTED_EDGE('',*,*,#2179,.T.);
#2235 = ORIENTED_EDGE('',*,*,#2236,.T.);
#2236 = EDGE_CURVE('',#2180,#2237,#2239,.T.);
#2237 = VERTEX_POINT('',#2238);
#2238 = CARTESIAN_POINT('',(22.,78.2,8.));
#2239 = LINE('',#2240,#2241);
#2240 = CARTESIAN_POINT('',(22.,-2.,8.));
#2241 = VECTOR('',#2242,1.);
#2242 = DIRECTION('',(-0.,1.,0.));
#2243 = ORIENTED_EDGE('',*,*,#2244,.F.);
#2244 = EDGE_CURVE('',#2116,#2237,#2245,.T.);
#2245 = LINE('',#2246,#2247);
#2246 = CARTESIAN_POINT('',(0.,78.2,8.));
#2247 = VECTOR('',#2248,1.);
#2248 = DIRECTION('',(1.,0.,-0.));
#2249 = PLANE('',#2250);
#2250 = AXIS2_PLACEMENT_3D('',#2251,#2252,#2253);
#2251 = CARTESIAN_POINT('',(0.,-2.,8.));
#2252 = DIRECTION('',(0.,0.,1.));
#2253 = DIRECTION('',(1.,0.,-0.));
#2254 = ADVANCED_FACE('',(#2255),#2266,.T.);
#2255 = FACE_BOUND('',#2256,.T.);
#2256 = EDGE_LOOP('',(#2257,#2258,#2259,#2260));
#2257 = ORIENTED_EDGE('',*,*,#2244,.F.);
#2258 = ORIENTED_EDGE('',*,*,#2123,.T.);
#2259 = ORIENTED_EDGE('',*,*,#2220,.T.);
#2260 = ORIENTED_EDGE('',*,*,#2261,.F.);
#2261 = EDGE_CURVE('',#2237,#2213,#2262,.T.);
#2262 = LINE('',#2263,#2264);
#2263 = CARTESIAN_POINT('',(22.,78.2,8.));
#2264 = VECTOR('',#2265,1.);
#2265 = DIRECTION('',(0.,0.,1.));
#2266 = PLANE('',#2267);
#2267 = AXIS2_PLACEMENT_3D('',#2268,#2269,#2270);
#2268 = CARTESIAN_POINT('',(0.,78.2,8.));
#2269 = DIRECTION('',(-0.,1.,0.));
#2270 = DIRECTION('',(0.,0.,1.));
#2271 = ADVANCED_FACE('',(#2272),#2297,.T.);
#2272 = FACE_BOUND('',#2273,.T.);
#2273 = EDGE_LOOP('',(#2274,#2282,#2283,#2291));
#2274 = ORIENTED_EDGE('',*,*,#2275,.F.);
#2275 = EDGE_CURVE('',#2140,#2276,#2278,.T.);
#2276 = VERTEX_POINT('',#2277);
#2277 = CARTESIAN_POINT('',(22.,0.,10.));
#2278 = LINE('',#2279,#2280);
#2279 = CARTESIAN_POINT('',(0.,0.,10.));
#2280 = VECTOR('',#2281,1.);
#2281 = DIRECTION('',(1.,0.,-0.));
#2282 = ORIENTED_EDGE('',*,*,#2139,.T.);
#2283 = ORIENTED_EDGE('',*,*,#2284,.T.);
#2284 = EDGE_CURVE('',#2142,#2285,#2287,.T.);
#2285 = VERTEX_POINT('',#2286);
#2286 = CARTESIAN_POINT('',(22.,0.,90.));
#2287 = LINE('',#2288,#2289);
#2288 = CARTESIAN_POINT('',(0.,0.,90.));
#2289 = VECTOR('',#2290,1.);
#2290 = DIRECTION('',(1.,0.,-0.));
#2291 = ORIENTED_EDGE('',*,*,#2292,.F.);
#2292 = EDGE_CURVE('',#2276,#2285,#2293,.T.);
#2293 = LINE('',#2294,#2295);
#2294 = CARTESIAN_POINT('',(22.,0.,10.));
#2295 = VECTOR('',#2296,1.);
#2296 = DIRECTION('',(0.,0.,1.));
#2297 = PLANE('',#2298);
#2298 = AXIS2_PLACEMENT_3D('',#2299,#2300,#2301);
#2299 = CARTESIAN_POINT('',(0.,0.,10.));
#2300 = DIRECTION('',(-0.,1.,0.));
#2301 = DIRECTION('',(0.,0.,1.));
#2302 = ADVANCED_FACE('',(#2303),#2321,.T.);
#2303 = FACE_BOUND('',#2304,.T.);
#2304 = EDGE_LOOP('',(#2305,#2306,#2307,#2315));
#2305 = ORIENTED_EDGE('',*,*,#2165,.F.);
#2306 = ORIENTED_EDGE('',*,*,#2275,.T.);
#2307 = ORIENTED_EDGE('',*,*,#2308,.T.);
#2308 = EDGE_CURVE('',#2276,#2309,#2311,.T.);
#2309 = VERTEX_POINT('',#2310);
#2310 = CARTESIAN_POINT('',(22.,76.2,10.));
#2311 = LINE('',#2312,#2313);
#2312 = CARTESIAN_POINT('',(22.,0.,10.));
#2313 = VECTOR('',#2314,1.);
#2314 = DIRECTION('',(-0.,1.,0.));
#2315 = ORIENTED_EDGE('',*,*,#2316,.F.);
#2316 = EDGE_CURVE('',#2158,#2309,#2317,.T.);
#2317 = LINE('',#2318,#2319);
#2318 = CARTESIAN_POINT('',(0.,76.2,10.));
#2319 = VECTOR('',#2320,1.);
#2320 = DIRECTION('',(1.,0.,-0.));
#2321 = PLANE('',#2322);
#2322 = AXIS2_PLACEMENT_3D('',#2323,#2324,#2325);
#2323 = CARTESIAN_POINT('',(0.,0.,10.));
#2324 = DIRECTION('',(0.,0.,1.));
#2325 = DIRECTION('',(1.,0.,-0.));
#2326 = ADVANCED_FACE('',(#2327),#2345,.F.);
#2327 = FACE_BOUND('',#2328,.F.);
#2328 = EDGE_LOOP('',(#2329,#2330,#2331,#2339));
#2329 = ORIENTED_EDGE('',*,*,#2316,.F.);
#2330 = ORIENTED_EDGE('',*,*,#2157,.T.);
#2331 = ORIENTED_EDGE('',*,*,#2332,.T.);
#2332 = EDGE_CURVE('',#2150,#2333,#2335,.T.);
#2333 = VERTEX_POINT('',#2334);
#2334 = CARTESIAN_POINT('',(22.,76.2,90.));
#2335 = LINE('',#2336,#2337);
#2336 = CARTESIAN_POINT('',(0.,76.2,90.));
#2337 = VECTOR('',#2338,1.);
#2338 = DIRECTION('',(1.,0.,-0.));
#2339 = ORIENTED_EDGE('',*,*,#2340,.F.);
#2340 = EDGE_CURVE('',#2309,#2333,#2341,.T.);
#2341 = LINE('',#2342,#2343);
#2342 = CARTESIAN_POINT('',(22.,76.2,10.));
#2343 = VECTOR('',#2344,1.);
#2344 = DIRECTION('',(0.,0.,1.));
#2345 = PLANE('',#2346);
#2346 = AXIS2_PLACEMENT_3D('',#2347,#2348,#2349);
#2347 = CARTESIAN_POINT('',(0.,76.2,10.));
#2348 = DIRECTION('',(-0.,1.,0.));
#2349 = DIRECTION('',(0.,0.,1.));
#2350 = ADVANCED_FACE('',(#2351),#2362,.F.);
#2351 = FACE_BOUND('',#2352,.F.);
#2352 = EDGE_LOOP('',(#2353,#2354,#2355,#2361));
#2353 = ORIENTED_EDGE('',*,*,#2149,.F.);
#2354 = ORIENTED_EDGE('',*,*,#2284,.T.);
#2355 = ORIENTED_EDGE('',*,*,#2356,.T.);
#2356 = EDGE_CURVE('',#2285,#2333,#2357,.T.);
#2357 = LINE('',#2358,#2359);
#2358 = CARTESIAN_POINT('',(22.,0.,90.));
#2359 = VECTOR('',#2360,1.);
#2360 = DIRECTION('',(-0.,1.,0.));
#2361 = ORIENTED_EDGE('',*,*,#2332,.F.);
#2362 = PLANE('',#2363);
#2363 = AXIS2_PLACEMENT_3D('',#2364,#2365,#2366);
#2364 = CARTESIAN_POINT('',(0.,0.,90.));
#2365 = DIRECTION('',(0.,0.,1.));
#2366 = DIRECTION('',(1.,0.,-0.));
#2367 = ADVANCED_FACE('',(#2368,#2374),#2380,.T.);
#2368 = FACE_BOUND('',#2369,.T.);
#2369 = EDGE_LOOP('',(#2370,#2371,#2372,#2373));
#2370 = ORIENTED_EDGE('',*,*,#2196,.F.);
#2371 = ORIENTED_EDGE('',*,*,#2236,.T.);
#2372 = ORIENTED_EDGE('',*,*,#2261,.T.);
#2373 = ORIENTED_EDGE('',*,*,#2212,.F.);
#2374 = FACE_BOUND('',#2375,.T.);
#2375 = EDGE_LOOP('',(#2376,#2377,#2378,#2379));
#2376 = ORIENTED_EDGE('',*,*,#2292,.T.);
#2377 = ORIENTED_EDGE('',*,*,#2356,.T.);
#2378 = ORIENTED_EDGE('',*,*,#2340,.F.);
#2379 = ORIENTED_EDGE('',*,*,#2308,.F.);
#2380 = PLANE('',#2381);
#2381 = AXIS2_PLACEMENT_3D('',#2382,#2383,#2384);
#2382 = CARTESIAN_POINT('',(22.,-2.,8.));
#2383 = DIRECTION('',(1.,0.,-0.));
#2384 = DIRECTION('',(0.,0.,1.));
#2385 = ( GEOMETRIC_REPRESENTATION_CONTEXT(3) 
GLOBAL_UNCERTAINTY_ASSIGNED_CONTEXT((#2389)) 
GLOBAL_UNIT_ASSIGNED_CONTEXT((#2386,#2387,#2388)) REPRESENTATION_CONTEXT
('Context #1','3D Context with UNIT and UNCERTAINTY') );
#2386 = ( LENGTH_UNIT() NAMED_UNIT(*) SI_UNIT(.MILLI.,.METRE.) );
#2387 = ( NAMED_UNIT(*) PLANE_ANGLE_UNIT() SI_UNIT($,.RADIAN.) );
#2388 = ( NAMED_UNIT(*) SI_UNIT($,.STERADIAN.) SOLID_ANGLE_UNIT() );
#2389 = UNCERTAINTY_MEASURE_WITH_UNIT(LENGTH_MEASURE(1.E-07),#2386,
  'distance_accuracy_value','confusion accuracy');
#2390 = CONTEXT_DEPENDENT_SHAPE_REPRESENTATION(#2391,#2393);
#2391 = ( REPRESENTATION_RELATIONSHIP('','',#2098,#10) 
REPRESENTATION_RELATIONSHIP_WITH_TRANSFORMATION(#2392) 
SHAPE_REPRESENTATION_RELATIONSHIP() );
#2392 = ITEM_DEFINED_TRANSFORMATION('','',#11,#71);
#2393 = PRODUCT_DEFINITION_SHAPE('Placement','Placement of an item',
  #2394);
#2394 = NEXT_ASSEMBLY_USAGE_OCCURRENCE('23','solid_casing_core','',#5,
  #2093,$);
#2395 = PRODUCT_RELATED_PRODUCT_CATEGORY('part',$,(#2095));
#2396 = SHAPE_DEFINITION_REPRESENTATION(#2397,#2403);
#2397 = PRODUCT_DEFINITION_SHAPE('','',#2398);
#2398 = PRODUCT_DEFINITION('design','',#2399,#2402);
#2399 = PRODUCT_DEFINITION_FORMATION('','',#2400);
#2400 = PRODUCT('solid_casing_down','solid_casing_down','',(#2401));
#2401 = PRODUCT_CONTEXT('',#2,'mechanical');
#2402 = PRODUCT_DEFINITION_CONTEXT('part definition',#2,'design');
#2403 = ADVANCED_BREP_SHAPE_REPRESENTATION('',(#11,#2404),#2690);
#2404 = MANIFOLD_SOLID_BREP('',#2405);
#2405 = CLOSED_SHELL('',(#2406,#2480,#2511,#2535,#2559,#2576,#2607,#2631
    ,#2655,#2672));
#2406 = ADVANCED_FACE('',(#2407,#2441),#2475,.F.);
#2407 = FACE_BOUND('',#2408,.F.);
#2408 = EDGE_LOOP('',(#2409,#2419,#2427,#2435));
#2409 = ORIENTED_EDGE('',*,*,#2410,.F.);
#2410 = EDGE_CURVE('',#2411,#2413,#2415,.T.);
#2411 = VERTEX_POINT('',#2412);
#2412 = CARTESIAN_POINT('',(22.,-2.,8.));
#2413 = VERTEX_POINT('',#2414);
#2414 = CARTESIAN_POINT('',(22.,-2.,92.));
#2415 = LINE('',#2416,#2417);
#2416 = CARTESIAN_POINT('',(22.,-2.,8.));
#2417 = VECTOR('',#2418,1.);
#2418 = DIRECTION('',(0.,0.,1.));
#2419 = ORIENTED_EDGE('',*,*,#2420,.T.);
#2420 = EDGE_CURVE('',#2411,#2421,#2423,.T.);
#2421 = VERTEX_POINT('',#2422);
#2422 = CARTESIAN_POINT('',(22.,78.2,8.));
#2423 = LINE('',#2424,#2425);
#2424 = CARTESIAN_POINT('',(22.,-2.,8.));
#2425 = VECTOR('',#2426,1.);
#2426 = DIRECTION('',(-0.,1.,0.));
#2427 = ORIENTED_EDGE('',*,*,#2428,.T.);
#2428 = EDGE_CURVE('',#2421,#2429,#2431,.T.);
#2429 = VERTEX_POINT('',#2430);
#2430 = CARTESIAN_POINT('',(22.,78.2,92.));
#2431 = LINE('',#2432,#2433);
#2432 = CARTESIAN_POINT('',(22.,78.2,8.));
#2433 = VECTOR('',#2434,1.);
#2434 = DIRECTION('',(0.,0.,1.));
#2435 = ORIENTED_EDGE('',*,*,#2436,.F.);
#2436 = EDGE_CURVE('',#2413,#2429,#2437,.T.);
#2437 = LINE('',#2438,#2439);
#2438 = CARTESIAN_POINT('',(22.,-2.,92.));
#2439 = VECTOR('',#2440,1.);
#2440 = DIRECTION('',(-0.,1.,0.));
#2441 = FACE_BOUND('',#2442,.F.);
#2442 = EDGE_LOOP('',(#2443,#2453,#2461,#2469));
#2443 = ORIENTED_EDGE('',*,*,#2444,.T.);
#2444 = EDGE_CURVE('',#2445,#2447,#2449,.T.);
#2445 = VERTEX_POINT('',#2446);
#2446 = CARTESIAN_POINT('',(22.,0.,10.));
#2447 = VERTEX_POINT('',#2448);
#2448 = CARTESIAN_POINT('',(22.,0.,90.));
#2449 = LINE('',#2450,#2451);
#2450 = CARTESIAN_POINT('',(22.,0.,10.));
#2451 = VECTOR('',#2452,1.);
#2452 = DIRECTION('',(0.,0.,1.));
#2453 = ORIENTED_EDGE('',*,*,#2454,.T.);
#2454 = EDGE_CURVE('',#2447,#2455,#2457,.T.);
#2455 = VERTEX_POINT('',#2456);
#2456 = CARTESIAN_POINT('',(22.,76.2,90.));
#2457 = LINE('',#2458,#2459);
#2458 = CARTESIAN_POINT('',(22.,0.,90.));
#2459 = VECTOR('',#2460,1.);
#2460 = DIRECTION('',(-0.,1.,0.));
#2461 = ORIENTED_EDGE('',*,*,#2462,.F.);
#2462 = EDGE_CURVE('',#2463,#2455,#2465,.T.);
#2463 = VERTEX_POINT('',#2464);
#2464 = CARTESIAN_POINT('',(22.,76.2,10.));
#2465 = LINE('',#2466,#2467);
#2466 = CARTESIAN_POINT('',(22.,76.2,10.));
#2467 = VECTOR('',#2468,1.);
#2468 = DIRECTION('',(0.,0.,1.));
#2469 = ORIENTED_EDGE('',*,*,#2470,.F.);
#2470 = EDGE_CURVE('',#2445,#2463,#2471,.T.);
#2471 = LINE('',#2472,#2473);
#2472 = CARTESIAN_POINT('',(22.,0.,10.));
#2473 = VECTOR('',#2474,1.);
#2474 = DIRECTION('',(-0.,1.,0.));
#2475 = PLANE('',#2476);
#2476 = AXIS2_PLACEMENT_3D('',#2477,#2478,#2479);
#2477 = CARTESIAN_POINT('',(22.,-2.,8.));
#2478 = DIRECTION('',(1.,0.,-0.));
#2479 = DIRECTION('',(0.,0.,1.));
#2480 = ADVANCED_FACE('',(#2481),#2506,.F.);
#2481 = FACE_BOUND('',#2482,.F.);
#2482 = EDGE_LOOP('',(#2483,#2491,#2492,#2500));
#2483 = ORIENTED_EDGE('',*,*,#2484,.F.);
#2484 = EDGE_CURVE('',#2411,#2485,#2487,.T.);
#2485 = VERTEX_POINT('',#2486);
#2486 = CARTESIAN_POINT('',(102.,-2.,8.));
#2487 = LINE('',#2488,#2489);
#2488 = CARTESIAN_POINT('',(22.,-2.,8.));
#2489 = VECTOR('',#2490,1.);
#2490 = DIRECTION('',(1.,0.,-0.));
#2491 = ORIENTED_EDGE('',*,*,#2410,.T.);
#2492 = ORIENTED_EDGE('',*,*,#2493,.T.);
#2493 = EDGE_CURVE('',#2413,#2494,#2496,.T.);
#2494 = VERTEX_POINT('',#2495);
#2495 = CARTESIAN_POINT('',(102.,-2.,92.));
#2496 = LINE('',#2497,#2498);
#2497 = CARTESIAN_POINT('',(22.,-2.,92.));
#2498 = VECTOR('',#2499,1.);
#2499 = DIRECTION('',(1.,0.,-0.));
#2500 = ORIENTED_EDGE('',*,*,#2501,.F.);
#2501 = EDGE_CURVE('',#2485,#2494,#2502,.T.);
#2502 = LINE('',#2503,#2504);
#2503 = CARTESIAN_POINT('',(102.,-2.,8.));
#2504 = VECTOR('',#2505,1.);
#2505 = DIRECTION('',(0.,0.,1.));
#2506 = PLANE('',#2507);
#2507 = AXIS2_PLACEMENT_3D('',#2508,#2509,#2510);
#2508 = CARTESIAN_POINT('',(22.,-2.,8.));
#2509 = DIRECTION('',(-0.,1.,0.));
#2510 = DIRECTION('',(0.,0.,1.));
#2511 = ADVANCED_FACE('',(#2512),#2530,.T.);
#2512 = FACE_BOUND('',#2513,.T.);
#2513 = EDGE_LOOP('',(#2514,#2515,#2516,#2524));
#2514 = ORIENTED_EDGE('',*,*,#2436,.F.);
#2515 = ORIENTED_EDGE('',*,*,#2493,.T.);
#2516 = ORIENTED_EDGE('',*,*,#2517,.T.);
#2517 = EDGE_CURVE('',#2494,#2518,#2520,.T.);
#2518 = VERTEX_POINT('',#2519);
#2519 = CARTESIAN_POINT('',(102.,78.2,92.));
#2520 = LINE('',#2521,#2522);
#2521 = CARTESIAN_POINT('',(102.,-2.,92.));
#2522 = VECTOR('',#2523,1.);
#2523 = DIRECTION('',(-0.,1.,0.));
#2524 = ORIENTED_EDGE('',*,*,#2525,.F.);
#2525 = EDGE_CURVE('',#2429,#2518,#2526,.T.);
#2526 = LINE('',#2527,#2528);
#2527 = CARTESIAN_POINT('',(22.,78.2,92.));
#2528 = VECTOR('',#2529,1.);
#2529 = DIRECTION('',(1.,0.,-0.));
#2530 = PLANE('',#2531);
#2531 = AXIS2_PLACEMENT_3D('',#2532,#2533,#2534);
#2532 = CARTESIAN_POINT('',(22.,-2.,92.));
#2533 = DIRECTION('',(0.,0.,1.));
#2534 = DIRECTION('',(1.,0.,-0.));
#2535 = ADVANCED_FACE('',(#2536),#2554,.F.);
#2536 = FACE_BOUND('',#2537,.F.);
#2537 = EDGE_LOOP('',(#2538,#2539,#2540,#2548));
#2538 = ORIENTED_EDGE('',*,*,#2420,.F.);
#2539 = ORIENTED_EDGE('',*,*,#2484,.T.);
#2540 = ORIENTED_EDGE('',*,*,#2541,.T.);
#2541 = EDGE_CURVE('',#2485,#2542,#2544,.T.);
#2542 = VERTEX_POINT('',#2543);
#2543 = CARTESIAN_POINT('',(102.,78.2,8.));
#2544 = LINE('',#2545,#2546);
#2545 = CARTESIAN_POINT('',(102.,-2.,8.));
#2546 = VECTOR('',#2547,1.);
#2547 = DIRECTION('',(-0.,1.,0.));
#2548 = ORIENTED_EDGE('',*,*,#2549,.F.);
#2549 = EDGE_CURVE('',#2421,#2542,#2550,.T.);
#2550 = LINE('',#2551,#2552);
#2551 = CARTESIAN_POINT('',(22.,78.2,8.));
#2552 = VECTOR('',#2553,1.);
#2553 = DIRECTION('',(1.,0.,-0.));
#2554 = PLANE('',#2555);
#2555 = AXIS2_PLACEMENT_3D('',#2556,#2557,#2558);
#2556 = CARTESIAN_POINT('',(22.,-2.,8.));
#2557 = DIRECTION('',(0.,0.,1.));
#2558 = DIRECTION('',(1.,0.,-0.));
#2559 = ADVANCED_FACE('',(#2560),#2571,.T.);
#2560 = FACE_BOUND('',#2561,.T.);
#2561 = EDGE_LOOP('',(#2562,#2563,#2564,#2565));
#2562 = ORIENTED_EDGE('',*,*,#2549,.F.);
#2563 = ORIENTED_EDGE('',*,*,#2428,.T.);
#2564 = ORIENTED_EDGE('',*,*,#2525,.T.);
#2565 = ORIENTED_EDGE('',*,*,#2566,.F.);
#2566 = EDGE_CURVE('',#2542,#2518,#2567,.T.);
#2567 = LINE('',#2568,#2569);
#2568 = CARTESIAN_POINT('',(102.,78.2,8.));
#2569 = VECTOR('',#2570,1.);
#2570 = DIRECTION('',(0.,0.,1.));
#2571 = PLANE('',#2572);
#2572 = AXIS2_PLACEMENT_3D('',#2573,#2574,#2575);
#2573 = CARTESIAN_POINT('',(22.,78.2,8.));
#2574 = DIRECTION('',(-0.,1.,0.));
#2575 = DIRECTION('',(0.,0.,1.));
#2576 = ADVANCED_FACE('',(#2577),#2602,.T.);
#2577 = FACE_BOUND('',#2578,.T.);
#2578 = EDGE_LOOP('',(#2579,#2587,#2588,#2596));
#2579 = ORIENTED_EDGE('',*,*,#2580,.F.);
#2580 = EDGE_CURVE('',#2445,#2581,#2583,.T.);
#2581 = VERTEX_POINT('',#2582);
#2582 = CARTESIAN_POINT('',(102.,0.,10.));
#2583 = LINE('',#2584,#2585);
#2584 = CARTESIAN_POINT('',(22.,0.,10.));
#2585 = VECTOR('',#2586,1.);
#2586 = DIRECTION('',(1.,0.,-0.));
#2587 = ORIENTED_EDGE('',*,*,#2444,.T.);
#2588 = ORIENTED_EDGE('',*,*,#2589,.T.);
#2589 = EDGE_CURVE('',#2447,#2590,#2592,.T.);
#2590 = VERTEX_POINT('',#2591);
#2591 = CARTESIAN_POINT('',(102.,0.,90.));
#2592 = LINE('',#2593,#2594);
#2593 = CARTESIAN_POINT('',(22.,0.,90.));
#2594 = VECTOR('',#2595,1.);
#2595 = DIRECTION('',(1.,0.,-0.));
#2596 = ORIENTED_EDGE('',*,*,#2597,.F.);
#2597 = EDGE_CURVE('',#2581,#2590,#2598,.T.);
#2598 = LINE('',#2599,#2600);
#2599 = CARTESIAN_POINT('',(102.,0.,10.));
#2600 = VECTOR('',#2601,1.);
#2601 = DIRECTION('',(0.,0.,1.));
#2602 = PLANE('',#2603);
#2603 = AXIS2_PLACEMENT_3D('',#2604,#2605,#2606);
#2604 = CARTESIAN_POINT('',(22.,0.,10.));
#2605 = DIRECTION('',(-0.,1.,0.));
#2606 = DIRECTION('',(0.,0.,1.));
#2607 = ADVANCED_FACE('',(#2608),#2626,.T.);
#2608 = FACE_BOUND('',#2609,.T.);
#2609 = EDGE_LOOP('',(#2610,#2611,#2612,#2620));
#2610 = ORIENTED_EDGE('',*,*,#2470,.F.);
#2611 = ORIENTED_EDGE('',*,*,#2580,.T.);
#2612 = ORIENTED_EDGE('',*,*,#2613,.T.);
#2613 = EDGE_CURVE('',#2581,#2614,#2616,.T.);
#2614 = VERTEX_POINT('',#2615);
#2615 = CARTESIAN_POINT('',(102.,76.2,10.));
#2616 = LINE('',#2617,#2618);
#2617 = CARTESIAN_POINT('',(102.,0.,10.));
#2618 = VECTOR('',#2619,1.);
#2619 = DIRECTION('',(-0.,1.,0.));
#2620 = ORIENTED_EDGE('',*,*,#2621,.F.);
#2621 = EDGE_CURVE('',#2463,#2614,#2622,.T.);
#2622 = LINE('',#2623,#2624);
#2623 = CARTESIAN_POINT('',(22.,76.2,10.));
#2624 = VECTOR('',#2625,1.);
#2625 = DIRECTION('',(1.,0.,-0.));
#2626 = PLANE('',#2627);
#2627 = AXIS2_PLACEMENT_3D('',#2628,#2629,#2630);
#2628 = CARTESIAN_POINT('',(22.,0.,10.));
#2629 = DIRECTION('',(0.,0.,1.));
#2630 = DIRECTION('',(1.,0.,-0.));
#2631 = ADVANCED_FACE('',(#2632),#2650,.F.);
#2632 = FACE_BOUND('',#2633,.F.);
#2633 = EDGE_LOOP('',(#2634,#2635,#2636,#2644));
#2634 = ORIENTED_EDGE('',*,*,#2621,.F.);
#2635 = ORIENTED_EDGE('',*,*,#2462,.T.);
#2636 = ORIENTED_EDGE('',*,*,#2637,.T.);
#2637 = EDGE_CURVE('',#2455,#2638,#2640,.T.);
#2638 = VERTEX_POINT('',#2639);
#2639 = CARTESIAN_POINT('',(102.,76.2,90.));
#2640 = LINE('',#2641,#2642);
#2641 = CARTESIAN_POINT('',(22.,76.2,90.));
#2642 = VECTOR('',#2643,1.);
#2643 = DIRECTION('',(1.,0.,-0.));
#2644 = ORIENTED_EDGE('',*,*,#2645,.F.);
#2645 = EDGE_CURVE('',#2614,#2638,#2646,.T.);
#2646 = LINE('',#2647,#2648);
#2647 = CARTESIAN_POINT('',(102.,76.2,10.));
#2648 = VECTOR('',#2649,1.);
#2649 = DIRECTION('',(0.,0.,1.));
#2650 = PLANE('',#2651);
#2651 = AXIS2_PLACEMENT_3D('',#2652,#2653,#2654);
#2652 = CARTESIAN_POINT('',(22.,76.2,10.));
#2653 = DIRECTION('',(-0.,1.,0.));
#2654 = DIRECTION('',(0.,0.,1.));
#2655 = ADVANCED_FACE('',(#2656),#2667,.F.);
#2656 = FACE_BOUND('',#2657,.F.);
#2657 = EDGE_LOOP('',(#2658,#2659,#2660,#2666));
#2658 = ORIENTED_EDGE('',*,*,#2454,.F.);
#2659 = ORIENTED_EDGE('',*,*,#2589,.T.);
#2660 = ORIENTED_EDGE('',*,*,#2661,.T.);
#2661 = EDGE_CURVE('',#2590,#2638,#2662,.T.);
#2662 = LINE('',#2663,#2664);
#2663 = CARTESIAN_POINT('',(102.,0.,90.));
#2664 = VECTOR('',#2665,1.);
#2665 = DIRECTION('',(-0.,1.,0.));
#2666 = ORIENTED_EDGE('',*,*,#2637,.F.);
#2667 = PLANE('',#2668);
#2668 = AXIS2_PLACEMENT_3D('',#2669,#2670,#2671);
#2669 = CARTESIAN_POINT('',(22.,0.,90.));
#2670 = DIRECTION('',(0.,0.,1.));
#2671 = DIRECTION('',(1.,0.,-0.));
#2672 = ADVANCED_FACE('',(#2673,#2679),#2685,.T.);
#2673 = FACE_BOUND('',#2674,.T.);
#2674 = EDGE_LOOP('',(#2675,#2676,#2677,#2678));
#2675 = ORIENTED_EDGE('',*,*,#2501,.F.);
#2676 = ORIENTED_EDGE('',*,*,#2541,.T.);
#2677 = ORIENTED_EDGE('',*,*,#2566,.T.);
#2678 = ORIENTED_EDGE('',*,*,#2517,.F.);
#2679 = FACE_BOUND('',#2680,.T.);
#2680 = EDGE_LOOP('',(#2681,#2682,#2683,#2684));
#2681 = ORIENTED_EDGE('',*,*,#2597,.T.);
#2682 = ORIENTED_EDGE('',*,*,#2661,.T.);
#2683 = ORIENTED_EDGE('',*,*,#2645,.F.);
#2684 = ORIENTED_EDGE('',*,*,#2613,.F.);
#2685 = PLANE('',#2686);
#2686 = AXIS2_PLACEMENT_3D('',#2687,#2688,#2689);
#2687 = CARTESIAN_POINT('',(102.,-2.,8.));
#2688 = DIRECTION('',(1.,0.,-0.));
#2689 = DIRECTION('',(0.,0.,1.));
#2690 = ( GEOMETRIC_REPRESENTATION_CONTEXT(3) 
GLOBAL_UNCERTAINTY_ASSIGNED_CONTEXT((#2694)) 
GLOBAL_UNIT_ASSIGNED_CONTEXT((#2691,#2692,#2693)) REPRESENTATION_CONTEXT
('Context #1','3D Context with UNIT and UNCERTAINTY') );
#2691 = ( LENGTH_UNIT() NAMED_UNIT(*) SI_UNIT(.MILLI.,.METRE.) );
#2692 = ( NAMED_UNIT(*) PLANE_ANGLE_UNIT() SI_UNIT($,.RADIAN.) );
#2693 = ( NAMED_UNIT(*) SI_UNIT($,.STERADIAN.) SOLID_ANGLE_UNIT() );
#2694 = UNCERTAINTY_MEASURE_WITH_UNIT(LENGTH_MEASURE(1.E-07),#2691,
  'distance_accuracy_value','confusion accuracy');
#2695 = CONTEXT_DEPENDENT_SHAPE_REPRESENTATION(#2696,#2698);
#2696 = ( REPRESENTATION_RELATIONSHIP('','',#2403,#10) 
REPRESENTATION_RELATIONSHIP_WITH_TRANSFORMATION(#2697) 
SHAPE_REPRESENTATION_RELATIONSHIP() );
#2697 = ITEM_DEFINED_TRANSFORMATION('','',#11,#75);
#2698 = PRODUCT_DEFINITION_SHAPE('Placement','Placement of an item',
  #2699);
#2699 = NEXT_ASSEMBLY_USAGE_OCCURRENCE('24','solid_casing_down','',#5,
  #2398,$);
#2700 = PRODUCT_RELATED_PRODUCT_CATEGORY('part',$,(#2400));
#2701 = MECHANICAL_DESIGN_GEOMETRIC_PRESENTATION_REPRESENTATION('',(
    #2702),#529);
#2702 = STYLED_ITEM('color',(#2703),#262);
#2703 = PRESENTATION_STYLE_ASSIGNMENT((#2704));
#2704 = SURFACE_STYLE_USAGE(.BOTH.,#2705);
#2705 = SURFACE_SIDE_STYLE('',(#2706,#2710));
#2706 = SURFACE_STYLE_FILL_AREA(#2707);
#2707 = FILL_AREA_STYLE('',(#2708));
#2708 = FILL_AREA_STYLE_COLOUR('',#2709);
#2709 = COLOUR_RGB('',0.299999996101,0.899999998185,0.500000003429);
#2710 = SURFACE_STYLE_RENDERING_WITH_PROPERTIES(.NORMAL_SHADING.,#2709,(
    #2711));
#2711 = SURFACE_STYLE_TRANSPARENT(0.65000000596);
#2712 = MECHANICAL_DESIGN_GEOMETRIC_PRESENTATION_REPRESENTATION('',(
    #2713),#698);
#2713 = STYLED_ITEM('color',(#2714),#548);
#2714 = PRESENTATION_STYLE_ASSIGNMENT((#2715));
#2715 = SURFACE_STYLE_USAGE(.BOTH.,#2716);
#2716 = SURFACE_SIDE_STYLE('',(#2717,#2721));
#2717 = SURFACE_STYLE_FILL_AREA(#2718);
#2718 = FILL_AREA_STYLE('',(#2719));
#2719 = FILL_AREA_STYLE_COLOUR('',#2720);
#2720 = COLOUR_RGB('',1.,0.700000005816,0.500000003429);
#2721 = SURFACE_STYLE_RENDERING_WITH_PROPERTIES(.NORMAL_SHADING.,#2720,(
    #2722));
#2722 = SURFACE_STYLE_TRANSPARENT(0.699999988079);
#2723 = MECHANICAL_DESIGN_GEOMETRIC_PRESENTATION_REPRESENTATION('',(
    #2724),#2385);
#2724 = STYLED_ITEM('color',(#2725),#2099);
#2725 = PRESENTATION_STYLE_ASSIGNMENT((#2726));
#2726 = SURFACE_STYLE_USAGE(.BOTH.,#2727);
#2727 = SURFACE_SIDE_STYLE('',(#2728));
#2728 = SURFACE_STYLE_FILL_AREA(#2729);
#2729 = FILL_AREA_STYLE('',(#2730));
#2730 = FILL_AREA_STYLE_COLOUR('',#2731);
#2731 = COLOUR_RGB('',0.599999994755,0.599999994755,0.620000000292);
#2732 = MECHANICAL_DESIGN_GEOMETRIC_PRESENTATION_REPRESENTATION('',(
    #2733),#2690);
#2733 = STYLED_ITEM('color',(#2734),#2404);
#2734 = PRESENTATION_STYLE_ASSIGNMENT((#2735));
#2735 = SURFACE_STYLE_USAGE(.BOTH.,#2736);
#2736 = SURFACE_SIDE_STYLE('',(#2737));
#2737 = SURFACE_STYLE_FILL_AREA(#2738);
#2738 = FILL_AREA_STYLE('',(#2739));
#2739 = FILL_AREA_STYLE_COLOUR('',#2731);
#2740 = MECHANICAL_DESIGN_GEOMETRIC_PRESENTATION_REPRESENTATION('',(
    #2741),#1175);
#2741 = STYLED_ITEM('color',(#2742),#1083);
#2742 = PRESENTATION_STYLE_ASSIGNMENT((#2743));
#2743 = SURFACE_STYLE_USAGE(.BOTH.,#2744);
#2744 = SURFACE_SIDE_STYLE('',(#2745));
#2745 = SURFACE_STYLE_FILL_AREA(#2746);
#2746 = FILL_AREA_STYLE('',(#2747));
#2747 = FILL_AREA_STYLE_COLOUR('',#2748);
#2748 = COLOUR_RGB('',0.800000010877,0.500000003429,0.199999998682);
#2749 = MECHANICAL_DESIGN_GEOMETRIC_PRESENTATION_REPRESENTATION('',(
    #2750),#1775);
#2750 = STYLED_ITEM('color',(#2751),#1695);
#2751 = PRESENTATION_STYLE_ASSIGNMENT((#2752));
#2752 = SURFACE_STYLE_USAGE(.BOTH.,#2753);
#2753 = SURFACE_SIDE_STYLE('',(#2754));
#2754 = SURFACE_STYLE_FILL_AREA(#2755);
#2755 = FILL_AREA_STYLE('',(#2756));
#2756 = FILL_AREA_STYLE_COLOUR('',#2757);
#2757 = COLOUR_RGB('',0.199999998682,0.399999997426,0.899999998185);
#2758 = MECHANICAL_DESIGN_GEOMETRIC_PRESENTATION_REPRESENTATION('',(
    #2759),#1676);
#2759 = STYLED_ITEM('color',(#2760),#1530);
#2760 = PRESENTATION_STYLE_ASSIGNMENT((#2761));
#2761 = SURFACE_STYLE_USAGE(.BOTH.,#2762);
#2762 = SURFACE_SIDE_STYLE('',(#2763));
#2763 = SURFACE_STYLE_FILL_AREA(#2764);
#2764 = FILL_AREA_STYLE('',(#2765));
#2765 = FILL_AREA_STYLE_COLOUR('',#2748);
#2766 = MECHANICAL_DESIGN_GEOMETRIC_PRESENTATION_REPRESENTATION('',(
    #2767),#1511);
#2767 = STYLED_ITEM('color',(#2768),#1431);
#2768 = PRESENTATION_STYLE_ASSIGNMENT((#2769));
#2769 = SURFACE_STYLE_USAGE(.BOTH.,#2770);
#2770 = SURFACE_SIDE_STYLE('',(#2771));
#2771 = SURFACE_STYLE_FILL_AREA(#2772);
#2772 = FILL_AREA_STYLE('',(#2773));
#2773 = FILL_AREA_STYLE_COLOUR('',#2757);
#2774 = MECHANICAL_DESIGN_GEOMETRIC_PRESENTATION_REPRESENTATION('',(
    #2775),#809);
#2775 = STYLED_ITEM('color',(#2776),#717);
#2776 = PRESENTATION_STYLE_ASSIGNMENT((#2777));
#2777 = SURFACE_STYLE_USAGE(.BOTH.,#2778);
#2778 = SURFACE_SIDE_STYLE('',(#2779));
#2779 = SURFACE_STYLE_FILL_AREA(#2780);
#2780 = FILL_AREA_STYLE('',(#2781));
#2781 = FILL_AREA_STYLE_COLOUR('',#2748);
#2782 = MECHANICAL_DESIGN_GEOMETRIC_PRESENTATION_REPRESENTATION('',(
    #2783),#2080);
#2783 = STYLED_ITEM('color',(#2784),#1794);
#2784 = PRESENTATION_STYLE_ASSIGNMENT((#2785));
#2785 = SURFACE_STYLE_USAGE(.BOTH.,#2786);
#2786 = SURFACE_SIDE_STYLE('',(#2787));
#2787 = SURFACE_STYLE_FILL_AREA(#2788);
#2788 = FILL_AREA_STYLE('',(#2789));
#2789 = FILL_AREA_STYLE_COLOUR('',#2731);
#2790 = MECHANICAL_DESIGN_GEOMETRIC_PRESENTATION_REPRESENTATION('',(
    #2791),#1064);
#2791 = STYLED_ITEM('color',(#2792),#1011);
#2792 = PRESENTATION_STYLE_ASSIGNMENT((#2793));
#2793 = SURFACE_STYLE_USAGE(.BOTH.,#2794);
#2794 = SURFACE_SIDE_STYLE('',(#2795));
#2795 = SURFACE_STYLE_FILL_AREA(#2796);
#2796 = FILL_AREA_STYLE('',(#2797));
#2797 = FILL_AREA_STYLE_COLOUR('',#2757);
#2798 = MECHANICAL_DESIGN_GEOMETRIC_PRESENTATION_REPRESENTATION('',(
    #2799),#881);
#2799 = STYLED_ITEM('color',(#2800),#828);
#2800 = PRESENTATION_STYLE_ASSIGNMENT((#2801));
#2801 = SURFACE_STYLE_USAGE(.BOTH.,#2802);
#2802 = SURFACE_SIDE_STYLE('',(#2803));
#2803 = SURFACE_STYLE_FILL_AREA(#2804);
#2804 = FILL_AREA_STYLE('',(#2805));
#2805 = FILL_AREA_STYLE_COLOUR('',#2757);
#2806 = MECHANICAL_DESIGN_GEOMETRIC_PRESENTATION_REPRESENTATION('',(
    #2807),#243);
#2807 = STYLED_ITEM('color',(#2808),#93);
#2808 = PRESENTATION_STYLE_ASSIGNMENT((#2809));
#2809 = SURFACE_STYLE_USAGE(.BOTH.,#2810);
#2810 = SURFACE_SIDE_STYLE('',(#2811,#2815));
#2811 = SURFACE_STYLE_FILL_AREA(#2812);
#2812 = FILL_AREA_STYLE('',(#2813));
#2813 = FILL_AREA_STYLE_COLOUR('',#2814);
#2814 = COLOUR_RGB('',0.599999994755,0.800000010877,1.);
#2815 = SURFACE_STYLE_RENDERING_WITH_PROPERTIES(.NORMAL_SHADING.,#2814,(
    #2816));
#2816 = SURFACE_STYLE_TRANSPARENT(0.699999988079);
#2817 = MECHANICAL_DESIGN_GEOMETRIC_PRESENTATION_REPRESENTATION('',(
    #2818),#1247);
#2818 = STYLED_ITEM('color',(#2819),#1194);
#2819 = PRESENTATION_STYLE_ASSIGNMENT((#2820));
#2820 = SURFACE_STYLE_USAGE(.BOTH.,#2821);
#2821 = SURFACE_SIDE_STYLE('',(#2822));
#2822 = SURFACE_STYLE_FILL_AREA(#2823);
#2823 = FILL_AREA_STYLE('',(#2824));
#2824 = FILL_AREA_STYLE_COLOUR('',#2757);
#2825 = MECHANICAL_DESIGN_GEOMETRIC_PRESENTATION_REPRESENTATION('',(
    #2826),#992);
#2826 = STYLED_ITEM('color',(#2827),#900);
#2827 = PRESENTATION_STYLE_ASSIGNMENT((#2828));
#2828 = SURFACE_STYLE_USAGE(.BOTH.,#2829);
#2829 = SURFACE_SIDE_STYLE('',(#2830));
#2830 = SURFACE_STYLE_FILL_AREA(#2831);
#2831 = FILL_AREA_STYLE('',(#2832));
#2832 = FILL_AREA_STYLE_COLOUR('',#2748);
#2833 = MECHANICAL_DESIGN_GEOMETRIC_PRESENTATION_REPRESENTATION('',(
    #2834),#1412);
#2834 = STYLED_ITEM('color',(#2835),#1266);
#2835 = PRESENTATION_STYLE_ASSIGNMENT((#2836));
#2836 = SURFACE_STYLE_USAGE(.BOTH.,#2837);
#2837 = SURFACE_SIDE_STYLE('',(#2838));
#2838 = SURFACE_STYLE_FILL_AREA(#2839);
#2839 = FILL_AREA_STYLE('',(#2840));
#2840 = FILL_AREA_STYLE_COLOUR('',#2748);
ENDSEC;
END-ISO-10303-21;
